-- MySQL dump 10.13  Distrib 8.0.36, for Linux (x86_64)
--
-- Host: localhost    Database: masari
-- ------------------------------------------------------
-- Server version	8.0.36-0ubuntu0.22.04.1

/*!40101 SET @OLD_CHARACTER_SET_CLIENT=@@CHARACTER_SET_CLIENT */;
/*!40101 SET @OLD_CHARACTER_SET_RESULTS=@@CHARACTER_SET_RESULTS */;
/*!40101 SET @OLD_COLLATION_CONNECTION=@@COLLATION_CONNECTION */;
/*!50503 SET NAMES utf8mb4 */;
/*!40103 SET @OLD_TIME_ZONE=@@TIME_ZONE */;
/*!40103 SET TIME_ZONE='+00:00' */;
/*!40014 SET @OLD_UNIQUE_CHECKS=@@UNIQUE_CHECKS, UNIQUE_CHECKS=0 */;
/*!40014 SET @OLD_FOREIGN_KEY_CHECKS=@@FOREIGN_KEY_CHECKS, FOREIGN_KEY_CHECKS=0 */;
/*!40101 SET @OLD_SQL_MODE=@@SQL_MODE, SQL_MODE='NO_AUTO_VALUE_ON_ZERO' */;
/*!40111 SET @OLD_SQL_NOTES=@@SQL_NOTES, SQL_NOTES=0 */;

--
-- Table structure for table `commissionRecords`
--

DROP TABLE IF EXISTS `commissionRecords`;
/*!40101 SET @saved_cs_client     = @@character_set_client */;
/*!50503 SET character_set_client = utf8mb4 */;
CREATE TABLE `commissionRecords` (
  `id` int NOT NULL AUTO_INCREMENT,
  `email` varchar(255) COLLATE utf8mb4_general_ci DEFAULT NULL,
  `firstName` varchar(255) COLLATE utf8mb4_general_ci DEFAULT NULL,
  `lastName` varchar(255) COLLATE utf8mb4_general_ci DEFAULT NULL,
  `phone` varchar(20) COLLATE utf8mb4_general_ci DEFAULT NULL,
  `country` varchar(50) COLLATE utf8mb4_general_ci DEFAULT NULL,
  `isVerified` varchar(255) COLLATE utf8mb4_general_ci DEFAULT NULL,
  `md5Id` varchar(255) COLLATE utf8mb4_general_ci DEFAULT NULL,
  `totalTradedLots` decimal(10,2) DEFAULT NULL,
  `lots` decimal(10,2) DEFAULT NULL,
  `balanceUsd` decimal(10,2) DEFAULT NULL,
  `equityUSD` decimal(10,2) DEFAULT NULL,
  `commissionUSD` decimal(10,2) DEFAULT NULL,
  `plClosedUsd` decimal(10,2) DEFAULT NULL,
  `depositsUSD` decimal(10,2) DEFAULT NULL,
  `withdrawalsUSD` decimal(10,2) DEFAULT NULL,
  `netDepositsUSD` decimal(10,2) DEFAULT NULL,
  `commissionDate` date DEFAULT NULL,
  `dispensedCommissionUSD` decimal(10,2) DEFAULT NULL,
  PRIMARY KEY (`id`)
) ENGINE=InnoDB AUTO_INCREMENT=742 DEFAULT CHARSET=utf8mb4 COLLATE=utf8mb4_general_ci;
/*!40101 SET character_set_client = @saved_cs_client */;

--
-- Dumping data for table `commissionRecords`
--

LOCK TABLES `commissionRecords` WRITE;
/*!40000 ALTER TABLE `commissionRecords` DISABLE KEYS */;
INSERT INTO `commissionRecords` VALUES (319,'saleh.hasssan@gmail.com','Hassan','Saleh','96170061682','Lebanon','Yes','5003130',1.90,1.90,7.53,7.53,18.25,-1113.81,0.00,0.00,NULL,'2024-02-19',NULL),(320,'saleh.hasssan@gmail.com','Hassan','Saleh','96170061682','Lebanon','Yes','5003130',1.90,1.90,7.53,7.53,18.25,-1113.81,0.00,0.00,NULL,'2024-02-19',NULL),(321,'saleh.hasssan@gmail.com','Hassan','Saleh','96170061682','Lebanon','Yes','5003130',1.90,1.90,7.53,7.53,18.25,-1113.81,0.00,0.00,NULL,'2024-02-19',10.95),(322,'saleh.hasssan@gmail.com','Hassan','Saleh','96170061682','Lebanon','Yes','5003130',1.90,1.90,7.53,7.53,18.25,-1113.81,0.00,0.00,NULL,'2024-02-20',10.95),(323,'abbassmsheik@hotmail.com','Abbass','Msheik','96170738209','Lebanon','Yes','5003137',0.00,0.00,0.00,0.00,0.00,0.00,0.00,0.00,NULL,'2024-02-23',NULL),(324,'saleh.hasssan@gmail.com','Hassan','Saleh','96170061682','Lebanon','Yes','5003130',1.90,1.90,7.53,7.53,18.25,-1113.81,0.00,0.00,NULL,'2024-02-23',10.95),(325,'abbassmsheik@hotmail.com','Abbass','Msheik','96170738209','Lebanon','Yes','5003137',0.00,0.00,0.00,0.00,0.00,0.00,0.00,0.00,NULL,'2024-02-01',NULL),(326,'saleh.hasssan@gmail.com','Hassan','Saleh','96170061682','Lebanon','Yes','5003130',1.90,1.90,7.53,7.53,18.25,-1113.81,0.00,0.00,NULL,'2024-02-01',10.95),(327,'saleh.hasssan@gmail.com','Hassan','Saleh','96170061682','Lebanon','Yes','5003130',1.90,1.90,7.53,7.53,18.25,-1113.81,0.00,0.00,NULL,'2024-02-25',10.95),(328,'abbassmsheik@hotmail.com','Abbass','Msheik','96170738209','Lebanon','Yes','5003137',0.00,0.00,0.00,0.00,0.00,0.00,0.00,0.00,NULL,'2024-02-25',NULL),(329,'saleh.hasssan@gmail.com','Hassan','Saleh','96170061682','Lebanon','Yes','5003130',1.90,1.90,7.53,7.53,18.25,-1113.81,0.00,0.00,NULL,'2024-03-15',10.95),(330,'abbassmsheik@hotmail.com','Abbass','Msheik','96170738209','Lebanon','Yes','5003137',0.00,0.00,0.00,0.00,0.00,0.00,0.00,0.00,NULL,'2024-03-15',NULL),(331,'saleh.hasssan@gmail.com','Hassan','Saleh','96170061682','Lebanon','Yes','5003130',1.90,1.90,7.53,7.53,18.25,-1113.81,0.00,0.00,NULL,'2024-03-16',10.95),(332,'abbassmsheik@hotmail.com','Abbass','Msheik','96170738209','Lebanon','Yes','5003137',0.00,0.00,0.00,0.00,0.00,0.00,0.00,0.00,NULL,'2024-03-16',NULL),(333,'fatima.el.zein990@gmail.com','Fatima','Alzein','+96170674016','Lebanon','Yes','5003140',0.63,0.62,45.48,45.34,15.50,-37.54,45.00,0.00,45.00,'2024-03-01',15.50),(334,'mostafa_dia123@hotmail.com','Mostafa','Dia','+96103089921','Lebanon','Yes','5002988, 521755, 5003725, 804316, 804317',52.03,0.00,1739.28,1739.28,0.00,-3730.94,0.00,-3224.00,-3224.00,'2024-03-01',NULL),(335,'mohamad_eldor2022@outlook.com','Mohamad','Eldor','+96176991037','Lebanon','Yes','5003035',0.25,0.25,0.36,0.36,6.25,-52.13,0.00,-28.41,-28.41,'2024-03-01',6.25),(336,'solimanelzein@gmail.com','Slaiman','Al Zein','+96181796175','Lebanon','Yes','5003098',3.54,3.54,55.43,55.43,88.50,71.49,100.00,0.00,100.00,'2024-03-01',88.50),(337,'abbassmsheik@hotmail.com','Abbass','Msheik','+96170738209','Lebanon','Yes','5003137',0.14,0.14,317.51,320.17,3.50,43.33,255.81,-29.00,226.81,'2024-03-01',3.50),(338,'hsnayash802@gmail.com','Hasan','Ayash','+96171811398','Lebanon','Yes','5003255',10.46,10.46,371.77,380.03,261.50,878.97,560.00,-418.00,142.00,'2024-03-01',261.50),(339,'husseinshraim95@gmail.com','Hussein','Shraim','+96176814666','Lebanon','Yes','5002993',0.13,0.13,0.64,0.64,3.25,20.64,80.00,-100.00,-20.00,'2024-03-01',3.25),(340,'alaa-serhan@hotmail.com','Alaa','Serhane','+96171855316','Lebanon','Yes','5003155',0.83,0.83,31.75,31.75,7.25,7.68,0.00,0.00,NULL,'2024-03-01',7.25),(341,'ayaraad.ba@gmail.com','Aya','Raad','+96171571732','Lebanon','Yes','5003173',0.56,0.56,1.65,1.65,9.50,-211.82,30.00,0.00,30.00,'2024-03-01',9.50),(342,'fhamdan7893@gmail.com','Fatima','Hamdan','+96170785784','Lebanon','Yes','5003157',23.73,23.73,3892.41,3892.41,118.50,82.58,0.00,0.00,NULL,'2024-03-01',118.50),(343,'aya.cheaitani@live.com','Aya','Cheaitani','+96171265505','Lebanon','Yes','5003177',0.14,0.14,300.54,300.54,3.50,-37.02,0.00,0.00,NULL,'2024-03-01',3.50),(344,'sanopi3430@gmail.com','Mohamad','Mazeh','+24160141463','Gabon','Yes','5003218',0.60,0.60,110.20,110.20,15.00,-51.40,0.00,0.00,NULL,'2024-03-01',15.00),(345,'wassim.m.kheir@gmail.com','Wassim','Kheir','+96171916761','Lebanon','Yes','5003230',0.00,0.00,1.31,1.31,0.00,0.00,0.00,0.00,NULL,'2024-03-01',NULL),(346,'kingthe37@gmail.com','Amer','Ammar','+97459954074','Lebanon','Yes','5003120',0.00,0.00,91.55,91.55,0.00,0.00,0.00,0.00,NULL,'2024-03-01',NULL),(347,'alzeinahmad40@gmail.com','Ahmad','Alzein','+96176547764','Lebanon','Yes','5003310',6.73,6.73,0.85,0.85,168.25,-310.93,200.00,0.00,200.00,'2024-03-01',100.95),(348,'fouadagha76@gmail.com','Fouad','Ali Agha','+96176350093','Lebanon','Yes','5003229',0.00,0.00,0.85,0.85,0.00,0.00,0.00,0.00,NULL,'2024-03-01',NULL),(349,'mohammad_nassour@live.com','Mohamad','Nassour','+96176002706','Lebanon','Yes','5003170',0.00,0.00,0.83,0.83,0.00,0.00,0.00,0.00,NULL,'2024-03-01',NULL),(350,'saleh.hasssan@gmail.com','Hassan','Saleh','+96170061682','Lebanon','Yes','5003130, 523633',0.01,0.01,4.05,4.05,0.10,1.27,500.00,0.00,500.00,'2024-03-01',0.06),(351,'jadmohsein@gmail.com','Jad','Mohsein','+96176403990','Lebanon','Yes','5004176',0.00,0.00,0.88,0.88,0.00,0.00,0.00,0.00,NULL,'2024-03-01',NULL),(352,'walidbdeir@icloud.com','Walid','Bdeir','+9613769922','Lebanon','Yes','5003926',0.04,0.04,100.20,100.20,1.00,-3.53,0.00,0.00,NULL,'2024-03-01',1.00),(353,'waelkh2246@hotmail.com','Wael','Kharouf','+96181719757','Lebanon','Yes','5003493',0.00,0.00,0.00,0.00,0.00,0.00,0.00,0.00,NULL,'2024-03-01',NULL),(354,'mohammedrizkrizk@gmail.com','Mohammed','Rizk','+2250101466946','Côte d’Ivoire','Yes','5003523',0.00,0.00,0.00,0.00,0.00,0.00,0.00,0.00,NULL,'2024-03-01',NULL),(355,'bsheikhbrahim@gmail.com','Ibrahim','Sheikhibrahim','+96171526373','Lebanon','Yes','5003540',2.23,2.23,0.44,0.44,53.50,-143.67,0.00,0.00,NULL,'2024-03-01',53.50),(356,'romanirola123@gmail.com','Rola','Romani','+96103315289','Lebanon','Yes','5003579',0.00,0.00,201.38,201.38,0.00,0.00,0.00,0.00,NULL,'2024-03-01',NULL),(357,'amarbarakat616@gmail.com','Amar','Barakat','+96103637157','Lebanon','Yes','5004761',0.20,0.20,0.84,0.84,5.00,27.83,0.00,0.00,NULL,'2024-03-01',5.00),(358,'alarabwaleed447@gmail.com','Fatima','Al Arab','+96181992572','Lebanon','Yes','5003552',0.00,0.00,0.00,0.00,0.00,0.00,0.00,0.00,NULL,'2024-03-01',NULL),(359,'mohammadalkaays@gmail.com','Mohammad','Abed El Karim','+96176991947','Lebanon','Yes','5003773',0.64,0.64,0.80,0.80,16.00,-109.85,0.00,0.00,NULL,'2024-03-01',16.00),(360,'brahim.sabdallah@gmail.com','Ibrahim','Abdallah','+96176047782','Lebanon','Yes','5003551',2.82,2.82,441.01,441.01,32.25,28.07,200.00,-228.00,-28.00,'2024-03-01',32.25),(361,'rihabhijazi5@gmail.com','Esraa','Hijazi','+96176099256','Lebanon','Yes','5003542',0.00,0.00,0.00,0.00,0.00,0.00,0.00,0.00,NULL,'2024-03-01',NULL),(362,'abbas.diab.cobra@gmail.com','Abbass','Diab','+22870637781','Togo','Yes','5003598',1.78,1.78,44.60,44.60,10.75,23.72,0.00,0.00,NULL,'2024-03-01',10.75),(363,'maatoukahmad735@gmail.com','Ahmad','Maatouk','+4917664904085','Germany','Yes','5003665, 5005319',0.00,0.00,135.91,135.91,0.00,0.00,0.00,0.00,NULL,'2024-03-01',NULL),(364,'jinan_at@hotmail.com','Jinan','Aboutaam','+96170044466','Lebanon','Yes','5004379',1.02,1.02,127.61,127.61,25.50,-95.02,0.00,-350.00,-350.00,'2024-03-01',25.50),(365,'fatima.badreddine@hotmail.com','Fatme','Badreddine','+96170929290','Lebanon','Yes','5003694',0.31,0.31,125.70,125.70,7.75,-51.51,0.00,0.00,NULL,'2024-03-01',7.75),(366,'jradih743@gmail.com','Hussien','Bader Aldin','+96181334091','Lebanon','Yes','5003700, 8040038',0.00,0.00,0.80,0.80,0.00,0.00,0.00,0.00,NULL,'2024-03-01',NULL),(367,'moudidia.999@gmail.com','Mohamad','Dia','+96171595145','Lebanon','Yes','5003549',0.00,0.00,0.26,0.26,0.00,0.00,0.00,0.00,NULL,'2024-03-01',NULL),(368,'ismaildib36@gmail.com','Ismail','Dib','+96170572867','Lebanon','Yes','5003525',0.00,0.00,0.62,0.62,0.00,0.00,0.00,0.00,NULL,'2024-03-01',NULL),(369,'kevinmoubarak.jifu@gmail.com','Kevin','Moubarak','+96176639345','Lebanon','Yes','5003774',7.30,7.30,474.52,474.52,45.25,-232.43,0.00,0.00,NULL,'2024-03-01',45.25),(370,'hasounfatima45@gmail.com','Fatima','Hassoun','+96171193771','Lebanon','Yes','5003739',0.00,0.00,3.69,3.69,0.00,0.00,0.00,0.00,NULL,'2024-03-01',NULL),(371,'mohammedzellaya@outlook.com','Mohammed','Zellaya','+96176656642','Lebanon','Yes','5003676',10.40,10.40,453.15,1651.36,58.31,-1170.14,1449.61,-120.00,1329.61,'2024-03-01',58.31),(372,'ramiflitty21@gmail.com','Ahlam','AL Flitty','+9613157324','Lebanon','Yes','5004173',0.56,0.56,0.71,0.71,5.00,-25.81,0.00,0.00,NULL,'2024-03-01',5.00),(373,'younesdia1981@gmail.com','Younis','Dia','+96103920549','Lebanon','Yes','5003780',4.37,4.37,157.00,157.00,109.25,-215.46,0.00,0.00,NULL,'2024-03-01',109.25),(374,'issa91648@gmail.com','Hussein','Issa','+96181031653','Lebanon','Yes','5003896',0.22,0.22,426.13,426.13,5.50,3.17,0.00,0.00,NULL,'2024-03-01',5.50),(375,'ridasaker111@gmail.com','Rida','Saker','+96103244531','Lebanon','Yes','5003936',5.42,5.42,140.07,140.07,32.00,-40.33,46.00,-6.25,39.75,'2024-03-01',32.00),(376,'jean.m.youssef@hotmail.com','Jean','Youssef','+96171042724','Lebanon','Yes','5003938',3.13,3.13,547.30,547.30,31.00,-68.21,0.00,0.00,NULL,'2024-03-01',31.00),(377,'pro176792@gmail.com','Mahmoud','Alsayed','+96181502778','Lebanon','Yes','5003697',2.74,2.74,81.23,81.23,37.00,-308.31,0.00,0.00,NULL,'2024-03-01',37.00),(378,'lion_king9999@hotmail.com','Rabee','Jalloul','+96181257762','Lebanon','Yes','5004035',0.00,0.00,0.00,0.00,0.00,0.00,0.00,0.00,NULL,'2024-03-01',NULL),(379,'afeefabourashed9@gmail.com','Afeef','Abou Rashed','+96171237437','Lebanon','No','5005378',0.00,0.00,0.00,0.00,0.00,0.00,0.00,0.00,NULL,'2024-03-01',NULL),(380,'ghinaziad2002@gmail.com','Ghina','Abou Issam','+96171689614','Lebanon','No','5004140',0.00,0.00,0.00,0.00,0.00,0.00,0.00,0.00,NULL,'2024-03-01',NULL),(381,'abosalimomran@gmail.com','Mohammad Omran','Alghazawi','+905377999015','Türkiye','Yes','5004139',0.00,0.00,0.93,0.93,0.00,0.00,0.00,0.00,NULL,'2024-03-01',NULL),(382,'laylahoussein22@gmail.com','Layla','Houssein','+96176176955','Lebanon','Yes','5004105',0.00,0.00,3.64,3.64,0.00,0.00,0.00,0.00,NULL,'2024-03-01',NULL),(383,'battalbashar9@gmail.com','Bashar','Battal','+4915756500805','Germany','Yes','5004261',6.24,6.24,1.92,1.92,156.00,-386.55,0.00,0.00,NULL,'2024-03-01',156.00),(384,'larajannoun200317@gmail.com','Lara','El Jannoun','+96176013781','Lebanon','Yes','5004196',0.00,0.00,0.52,0.52,0.00,0.00,0.00,0.00,NULL,'2024-03-01',NULL),(385,'hussshaeib8@gmail.com','Hussein','Shaeib','+96176752976','Lebanon','Yes','5004221',2.06,2.06,24.80,24.80,20.10,6.84,0.00,0.00,NULL,'2024-03-01',20.10),(386,'omranas1999@gmail.com','Omran','Askar','+96171422065','Lebanon','Yes','5004259',0.00,0.00,0.00,0.00,0.00,0.00,0.00,0.00,NULL,'2024-03-01',NULL),(387,'suzanebuchakra@gmail.com','Ghina','Basbous','+96178841330','Lebanon','Yes','5004013',0.16,0.16,61.33,61.33,0.49,-12.41,0.00,0.00,NULL,'2024-03-01',0.49),(388,'ayla.moussawi8787@email.com','Ayla','Moussawi','+96170920279','Lebanon','Yes','5004334',0.00,0.00,0.02,0.02,0.00,0.00,0.00,0.00,NULL,'2024-03-01',NULL),(389,'hseinsaker83@gmail.com','Hussein','Saker','+96171371423','Lebanon','Yes','5004175',31.26,31.26,343.10,343.10,216.75,1149.51,700.00,-734.00,-34.00,'2024-03-01',216.75),(390,'lion.yusuf.1435@gmail.com','Abdelrahman','Abunawah','+9005377464798','Türkiye','Yes','5004344',0.60,0.60,0.20,0.20,4.20,220.56,98.93,-100.00,-1.07,'2024-03-01',4.20),(391,'adham_doma@icloud.com','Adham','Almasri','+96176837864','Lebanon','Yes','5004352',0.63,0.63,0.93,0.93,4.05,-5.46,0.00,0.00,NULL,'2024-03-01',4.05),(392,'fawzihassan.lb@outlook.com','Fawzi','Hasan','+96171347418','Lebanon','Yes','5004377',18.39,17.99,0.26,0.26,384.50,-1114.11,1350.00,-400.00,950.00,'2024-03-01',384.50),(393,'hussein_fakeeh@live.com','Hussein','Fakeeh','+96170857131','Lebanon','Yes','5004378',6.15,6.15,0.38,0.38,104.25,-236.84,0.00,0.00,NULL,'2024-03-01',104.25),(394,'brunojamal727@gmail.com','Georges','El Jamal','+96176978475','Lebanon','Yes','5004380',3.12,3.12,204.55,204.55,33.00,-46.21,0.00,0.00,NULL,'2024-03-01',33.00),(395,'h.thalji9@gmail.com','Haneen Zyed Jaber','Thalji','+966568591457','Saudi Arabia','Yes','5004413',0.00,0.00,5.31,5.31,0.00,0.00,0.00,0.00,NULL,'2024-03-01',NULL),(396,'fatemahammad5@gmail.com','Fatema','Alhammad','+96181890670','Lebanon','Yes','525279, 5004599',0.02,0.02,196.37,196.37,0.30,-3.46,0.00,0.00,NULL,'2024-03-01',0.30),(397,'walidalarab40@gmail.com','Mohamad','Al Arab','+96181992562','Lebanon','Yes','5004605',5.36,5.36,755.57,760.69,111.50,-138.55,0.00,0.00,NULL,'2024-03-01',111.50),(398,'ckojak718@gmail.com','Dooa','Hamad','+96171360761','Lebanon','Yes','5004604',0.00,0.00,1003.89,1003.89,0.00,0.00,0.00,-20.00,-20.00,'2024-03-01',NULL),(399,'salamzawawi@gmail.com','Salam','Zawawi','+393290934363','Italy','Yes','5004661',13.73,13.73,342.60,342.60,152.00,-299.88,0.00,-106.00,-106.00,'2024-03-01',152.00),(400,'hadighandour14@gmail.com','Hadi','Ghandour','+96170689944','Lebanon','Yes','5004736',0.00,0.00,0.00,0.00,0.00,0.00,0.00,0.00,NULL,'2024-03-01',NULL),(401,'hmokdad991@gmail.com','Hussein','Almokdad','+96178847219','Lebanon','Yes','5004337',0.57,0.57,0.17,0.17,14.25,-48.35,50.00,0.00,50.00,'2024-03-01',14.25),(402,'yamen.alibrahim007@gmail.com','Yamen','Alibrahim','+96171928093','Lebanon','Yes','5004518',9.64,9.64,269.07,263.21,85.20,467.56,201.30,0.00,201.30,'2024-03-01',85.20),(403,'as.kdouh@gmail.com','Ali','Kdouh','+96170666513','Lebanon','Yes','5004584',0.00,0.00,0.28,0.28,0.00,0.00,0.00,0.00,NULL,'2024-03-01',NULL),(404,'alialahmad1@mail.ru','Ali','Alahmad','+96171297705','Lebanon','Yes','5004781',28.35,28.35,0.00,0.00,234.00,82.95,1442.97,0.00,1442.97,'2024-03-01',234.00),(405,'protradesolutionlb@gmail.com','Fares','Ahmad','+96170666627','Lebanon','Yes','5004795',0.00,0.00,0.04,0.04,0.00,0.00,0.00,0.00,NULL,'2024-03-01',NULL),(406,'aliasmaraliasmar22@gmail.com','Ali','Hassan','+96171824457','Lebanon','Yes','5004888',8.54,8.54,6.04,6.04,44.75,182.00,40.00,-80.00,-40.00,'2024-03-01',44.75),(407,'layla.habbouchi@gmail.com','Layla','Habbouche','+905411199023','Türkiye','Yes','5004920',0.00,0.00,201.20,201.20,0.00,0.00,0.00,0.00,NULL,'2024-03-01',NULL),(408,'hsseint@gmail.com','Hussein','Taha','+96170531540','Lebanon','Yes','5004914',0.04,0.04,108.27,108.27,1.00,5.63,0.00,0.00,NULL,'2024-03-01',1.00),(409,'usifkhansa@gmail.com','Youssef','Khansa','+96170873991','Lebanon','Yes','5004916',8.56,8.56,294.81,294.81,189.25,-873.49,0.00,0.00,NULL,'2024-03-01',189.25),(410,'jawaadhassan828@gmail.com','Hassan','Jawad','+96103081644','Lebanon','Yes','5004946',1.85,1.85,199.75,199.75,46.25,-175.25,100.00,-100.00,0.00,'2024-03-01',46.25),(411,'adelkadri36@gmail.com','Adel','Al Kadri','+96170741886','Lebanon','Yes','5004782',4.91,4.91,0.59,0.59,100.25,-177.05,0.00,0.00,NULL,'2024-03-01',100.25),(412,'raadsalahdeen02@gmail.com','Raad','Salahdeen','+96176975109','Lebanon','Yes','5004856',2.58,2.58,100.21,100.21,44.25,31.94,0.00,-200.00,-200.00,'2024-03-01',44.25),(413,'kiimpsanb@gmail.com','Kareem','Anbar','+4917616895534','Germany','Yes','5005096',0.53,0.53,0.35,0.35,13.25,-99.65,100.00,0.00,100.00,'2024-03-01',13.25),(414,'miss.sahar.abbas@gmail.com','Sahar','Abbad','+96170541973','Lebanon','Yes','5005121',1.56,1.56,425.27,425.27,39.00,-18.94,397.00,0.00,397.00,'2024-03-01',39.00),(415,'choughari.93@gmail.com','Hussein','Choughari','+96171484250','Lebanon','Yes','5005127',0.00,0.00,0.00,0.00,0.00,0.00,0.00,0.00,NULL,'2024-03-01',NULL),(416,'hasan.abourashed@gmail.com','Hasan','Abou Rashed','+96176142759','Lebanon','Yes','5005376',0.00,0.00,0.00,0.00,0.00,0.00,0.00,0.00,NULL,'2024-03-01',NULL),(417,'moawadgeorgio@gmail.com','Georgio','Moawad','+96176688844','Lebanon','Yes','5005216',35.14,35.14,0.85,0.85,779.50,-1133.91,2970.00,0.00,2970.00,'2024-03-01',779.50),(418,'mahmoudmazeh585@gmail.com','Mahmoud','Mazeh','+22893199471','Togo','Yes','5005251, 526899',0.00,0.00,0.00,0.00,0.00,0.00,0.00,0.00,NULL,'2024-03-01',NULL),(419,'hamad6khedr2004@gmail.com','Khedr','Hamad','+4915213017230','Germany','Yes','5005529',0.00,0.00,0.00,0.00,0.00,0.00,0.00,0.00,NULL,'2024-03-01',NULL),(420,'kaakatiali@gmail.com','Ali','Kaakati','+96176849448','Lebanon','Yes','5005081',10.59,10.59,87.65,87.65,105.90,-267.75,2100.00,-1830.00,270.00,'2024-03-01',105.90),(421,'mistrahabbas68@gmail.com','Abbas','Mestrah','+96171295412','Lebanon','Yes','5005465',0.00,0.00,0.00,0.00,0.00,0.00,0.00,0.00,NULL,'2024-03-01',NULL),(422,'antonyzadah@gmail.com','Antony','Zadah','+96179139620','Lebanon','Yes','5005396',0.00,0.00,100.86,104.54,0.00,0.00,0.00,0.00,NULL,'2024-03-01',NULL),(423,'saadhamdii@icloud.com','Saadeddin','Hameda','+905434103000','Türkiye','Yes','5005188',0.04,0.04,130.35,72.32,1.00,3.13,100.00,0.00,100.00,'2024-03-01',1.00),(424,'abbassmsheik@hotmail.com','Abbass','Msheik','+96170738209','Lebanon','Yes','5003137',0.70,0.70,0.00,0.00,17.50,42.14,0.00,-312.28,-312.28,'2024-03-09',17.50),(425,'mostafa_dia123@hotmail.com','Mostafa','Dia','+96103089921','Lebanon','Yes','804317, 521755, 5002988, 5003725, 804316',11.59,0.00,2088.68,2078.30,0.00,658.34,0.00,-5255.00,-5255.00,'2024-03-09',NULL),(426,'hsnayash802@gmail.com','Hasan','Ayash','+96171811398','Lebanon','Yes','5003255',6.28,6.28,68.66,68.66,157.00,-722.59,250.00,-1000.00,-750.00,'2024-03-09',157.00),(427,'kingthe37@gmail.com','Amer','Ammar','+97459954074','Lebanon','Yes','5003120',0.00,0.00,91.55,91.55,0.00,0.00,0.00,0.00,NULL,'2024-03-09',NULL),(428,'wassim.m.kheir@gmail.com','Wassim','Kheir','+96171916761','Lebanon','Yes','5003230',0.00,0.00,1.31,1.31,0.00,0.00,0.00,0.00,NULL,'2024-03-09',NULL),(429,'mohamad_eldor2022@outlook.com','Mohamad','Eldor','+96176991037','Lebanon','Yes','5003035',0.99,0.99,0.36,0.36,6.75,-198.66,229.00,-30.00,199.00,'2024-03-09',6.75),(430,'saleh.hasssan@gmail.com','Hassan','Saleh','+96170061682','Lebanon','Yes','5003130, 523633',1.65,1.65,0.42,0.42,16.50,-607.29,100.00,0.00,100.00,'2024-03-09',9.90),(431,'ayaraad.ba@gmail.com','Aya','Raad','+96171571732','Lebanon','Yes','5003173',0.04,0.04,1.65,1.65,1.00,-367.82,0.00,0.00,NULL,'2024-03-09',1.00),(432,'fatima.el.zein990@gmail.com','Fatima','Alzein','+96170674016','Lebanon','Yes','5003140',0.99,0.99,85.78,85.78,24.75,-23.42,100.00,0.00,100.00,'2024-03-09',24.75),(433,'husseinshraim95@gmail.com','Hussein','Shraim','+96176814666','Lebanon','Yes','5002993',0.00,0.00,0.64,0.64,0.00,0.00,0.00,0.00,NULL,'2024-03-09',NULL),(434,'aya.cheaitani@live.com','Aya','Cheaitani','+96171265505','Lebanon','Yes','5003177',0.00,0.00,417.54,417.54,0.00,0.00,117.00,0.00,117.00,'2024-03-09',NULL),(435,'mohammad_nassour@live.com','Mohamad','Nassour','+96176002706','Lebanon','Yes','5003170',0.00,0.00,0.83,0.83,0.00,0.00,0.00,0.00,NULL,'2024-03-09',NULL),(436,'fouadagha76@gmail.com','Fouad','Ali Agha','+96176350093','Lebanon','Yes','5003229',0.00,0.00,0.85,0.85,0.00,0.00,0.00,0.00,NULL,'2024-03-09',NULL),(437,'mohammadalkaays@gmail.com','Mohammad','Abed El Karim','+96176991947','Lebanon','Yes','5003773',0.00,0.00,0.80,0.80,0.00,0.00,0.00,0.00,NULL,'2024-03-09',NULL),(438,'zahraa_jaw@hotmail.com','Zahraa','Jawhare','+96181798373','Lebanon','Yes','5003536',0.00,0.00,0.00,0.00,0.00,0.00,0.00,0.00,NULL,'2024-03-09',NULL),(439,'walidbdeir@icloud.com','Walid','Bdeir','+9613769922','Lebanon','Yes','5003926',0.00,0.00,100.20,100.20,0.00,0.00,100.00,0.00,100.00,'2024-03-09',NULL),(440,'mohammedrizkrizk@gmail.com','Mohammed','Rizk','+2250101466946','Côte d’Ivoire','Yes','5003523',0.00,0.00,0.00,0.00,0.00,0.00,0.00,0.00,NULL,'2024-03-09',NULL),(441,'rihabhijazi5@gmail.com','Esraa','Hijazi','+96176099256','Lebanon','Yes','5003542',0.00,0.00,0.00,0.00,0.00,0.00,0.00,0.00,NULL,'2024-03-09',NULL),(442,'bsheikhbrahim@gmail.com','Ibrahim','Sheikhibrahim','+96171526373','Lebanon','Yes','5003540',0.32,0.32,15.05,15.05,8.00,-2.02,9.00,0.00,9.00,'2024-03-09',8.00),(443,'ismaildib36@gmail.com','Ismail','Dib','+96170572867','Lebanon','Yes','5003525',0.00,0.00,0.62,0.62,0.00,0.00,0.00,0.00,NULL,'2024-03-09',NULL),(444,'alzeinahmad40@gmail.com','Ahmad','Alzein','+96176547764','Lebanon','Yes','5003310',0.41,0.41,0.85,0.85,10.25,-89.35,0.00,0.00,NULL,'2024-03-09',6.15),(445,'abbas.diab.cobra@gmail.com','Abbass','Diab','+22870637781','Togo','Yes','5003598',1.28,1.28,25.96,25.96,7.25,-64.91,0.00,0.00,NULL,'2024-03-09',7.25),(446,'waelkh2246@hotmail.com','Wael','Kharouf','+96181719757','Lebanon','Yes','5003493',0.00,0.00,0.00,0.00,0.00,0.00,0.00,0.00,NULL,'2024-03-09',NULL),(447,'mohammedzellaya@outlook.com','Mohammed','Zellaya','+96176656642','Lebanon','Yes','5003676',15.03,15.03,403.35,654.29,103.95,1069.72,0.00,-909.00,-909.00,'2024-03-09',103.95),(448,'amarbarakat616@gmail.com','Amar','Barakat','+96103637157','Lebanon','Yes','5004761',0.08,0.08,0.84,0.84,2.00,-78.83,0.00,0.00,NULL,'2024-03-09',2.00),(449,'alaa-serhan@hotmail.com','Alaa','Serhane','+96171855316','Lebanon','Yes','5003155',1.55,1.55,76.83,76.83,11.75,-20.19,32.00,0.00,32.00,'2024-03-09',11.75),(450,'jadmohsein@gmail.com','Jad','Mohsein','+96176403990','Lebanon','Yes','5004176',0.00,0.00,0.88,0.88,0.00,0.00,0.00,0.00,NULL,'2024-03-09',NULL),(451,'fatima.badreddine@hotmail.com','Fatme','Badreddine','+96170929290','Lebanon','Yes','5003694',0.12,0.12,173.49,173.49,3.00,-4.00,0.00,0.00,NULL,'2024-03-09',3.00),(452,'solimanelzein@gmail.com','Slaiman','Al Zein','+96181796175','Lebanon','Yes','5003098',1.14,1.12,37.55,37.55,28.00,-521.94,70.00,0.00,70.00,'2024-03-09',28.00),(453,'jradih743@gmail.com','Hussien','Bader Aldin','+96181334091','Lebanon','Yes','8040038, 5003700',0.00,0.00,0.80,0.80,0.00,0.00,0.00,0.00,NULL,'2024-03-09',NULL),(454,'pro176792@gmail.com','Mahmoud','Alsayed','+96181502778','Lebanon','Yes','5003697',1.74,1.74,75.28,75.28,5.25,-41.76,0.00,0.00,NULL,'2024-03-09',5.25),(455,'romanirola123@gmail.com','Rola','Romani','+96103315289','Lebanon','Yes','5003579',0.01,0.01,216.38,216.38,0.25,1.38,215.00,0.00,215.00,'2024-03-09',0.25),(456,'brahim.sabdallah@gmail.com','Ibrahim','Abdallah','+96176047782','Lebanon','Yes','5003551',1.85,1.85,0.16,0.16,28.25,-203.04,670.00,-467.00,203.00,'2024-03-09',28.25),(457,'maatoukahmad735@gmail.com','Ahmad','Maatouk','+4917664904085','Germany','Yes','5003665, 5005319',1.90,1.90,162.37,171.40,47.50,65.37,99.00,0.00,99.00,'2024-03-09',47.50),(458,'moudidia.999@gmail.com','Mohamad','Dia','+96171595145','Lebanon','Yes','5003549',0.00,0.00,0.26,0.26,0.00,0.00,0.00,0.00,NULL,'2024-03-09',NULL),(459,'alarabwaleed447@gmail.com','Fatima','Al Arab','+96181992572','Lebanon','Yes','5003552',0.00,0.00,0.00,0.00,0.00,0.00,0.00,0.00,NULL,'2024-03-09',NULL),(460,'kevinmoubarak.jifu@gmail.com','Kevin','Moubarak','+96176639345','Lebanon','Yes','5003774',7.17,7.17,539.76,539.76,30.75,74.77,55.00,0.00,55.00,'2024-03-09',30.75),(461,'younesdia1981@gmail.com','Younis','Dia','+96103920549','Lebanon','Yes','5003780',2.73,2.73,6.77,6.77,68.25,-199.55,0.00,0.00,NULL,'2024-03-09',68.25),(462,'ramiflitty21@gmail.com','Ahlam','AL Flitty','+9613157324','Lebanon','Yes','5004173',0.00,0.00,0.71,0.71,0.00,0.00,0.00,0.00,NULL,'2024-03-09',NULL),(463,'fhamdan7893@gmail.com','Fatima','Hamdan','+96170785784','Lebanon','Yes','5003157',48.11,48.11,4104.92,4104.92,194.75,200.06,0.00,0.00,NULL,'2024-03-09',194.75),(464,'jinan_at@hotmail.com','Jinan','Aboutaam','+96170044466','Lebanon','Yes','5004379',0.18,0.18,255.99,255.99,4.50,3.43,61.00,0.00,61.00,'2024-03-09',4.50),(465,'jean.m.youssef@hotmail.com','Jean','Youssef','+96171042724','Lebanon','Yes','5003938',0.70,0.70,500.03,500.03,6.25,-81.64,61.00,-103.00,-42.00,'2024-03-09',6.25),(466,'suzanebuchakra@gmail.com','Ghina','Basbous','+96178841330','Lebanon','Yes','5004013',0.06,0.06,119.41,119.41,0.42,2.93,55.00,0.00,55.00,'2024-03-09',0.42),(467,'lion_king9999@hotmail.com','Rabee','Jalloul','+96181257762','Lebanon','Yes','5004035',0.00,0.00,0.00,0.00,0.00,0.00,0.00,0.00,NULL,'2024-03-09',NULL),(468,'issa91648@gmail.com','Hussein','Issa','+96181031653','Lebanon','Yes','5003896',1.08,1.08,452.82,452.82,6.75,16.93,0.00,0.00,NULL,'2024-03-09',6.75),(469,'afeefabourashed9@gmail.com','Afeef','Abou Rashed','+96171237437','Lebanon','No','5005378',0.00,0.00,0.00,0.00,0.00,0.00,0.00,0.00,NULL,'2024-03-09',NULL),(470,'hasounfatima45@gmail.com','Fatima','Hassoun','+96171193771','Lebanon','Yes','5003739',0.00,0.00,3.69,3.69,0.00,0.00,0.00,0.00,NULL,'2024-03-09',NULL),(471,'ridasaker111@gmail.com','Rida','Saker','+96103244531','Lebanon','Yes','5003936',8.23,8.23,0.00,0.00,32.50,-117.38,205.00,-100.00,105.00,'2024-03-09',32.50),(472,'hseinsaker83@gmail.com','Hussein','Saker','+96171371423','Lebanon','Yes','5004175',35.82,35.82,499.76,498.65,326.25,-1536.43,956.00,-375.00,581.00,'2024-03-09',326.25),(473,'larajannoun200317@gmail.com','Lara','El Jannoun','+96176013781','Lebanon','Yes','5004196',0.00,0.00,0.52,0.52,0.00,0.00,0.00,0.00,NULL,'2024-03-09',NULL),(474,'battalbashar9@gmail.com','Bashar','Battal','+4915756500805','Germany','Yes','5004261',4.69,4.69,1.09,1.09,117.25,-547.45,62.00,0.00,62.00,'2024-03-09',117.25),(475,'abosalimomran@gmail.com','Mohammad Omran','Alghazawi','+905377999015','Türkiye','Yes','5004139',0.00,0.00,0.93,0.93,0.00,0.00,0.00,0.00,NULL,'2024-03-09',NULL),(476,'ayla.moussawi8787@email.com','Ayla','Moussawi','+96170920279','Lebanon','Yes','5004334',0.00,0.00,0.02,0.02,0.00,0.00,0.00,0.00,NULL,'2024-03-09',NULL),(477,'hussshaeib8@gmail.com','Hussein','Shaeib','+96176752976','Lebanon','Yes','5004221',3.73,3.73,51.95,51.95,12.75,-3.30,0.00,0.00,NULL,'2024-03-09',12.75),(478,'laylahoussein22@gmail.com','Layla','Houssein','+96176176955','Lebanon','Yes','5004105',0.00,0.00,3.64,3.64,0.00,0.00,0.00,0.00,NULL,'2024-03-09',NULL),(479,'lion.yusuf.1435@gmail.com','Abdelrahman','Abunawah','+9005377464798','Türkiye','Yes','5004344',1.75,1.75,34.20,34.20,11.62,-224.08,34.00,0.00,34.00,'2024-03-09',11.62),(480,'ghinaziad2002@gmail.com','Ghina','Abou Issam','+96171689614','Lebanon','No','5004140',0.00,0.00,0.00,0.00,0.00,0.00,0.00,0.00,NULL,'2024-03-09',NULL),(481,'adham_doma@icloud.com','Adham','Almasri','+96176837864','Lebanon','Yes','5004352',0.31,0.31,38.21,38.21,3.30,-14.71,25.00,0.00,25.00,'2024-03-09',3.30),(482,'fawzihassan.lb@outlook.com','Fawzi','Hasan','+96171347418','Lebanon','Yes','5004377',0.00,0.00,0.26,0.26,0.00,0.00,0.00,0.00,NULL,'2024-03-09',NULL),(483,'hussein_fakeeh@live.com','Hussein','Fakeeh','+96170857131','Lebanon','Yes','5004378',8.45,8.44,32.58,32.58,89.50,-169.91,200.00,0.00,200.00,'2024-03-09',89.50),(484,'omranas1999@gmail.com','Omran','Askar','+96171422065','Lebanon','Yes','5004259',0.00,0.00,0.00,0.00,0.00,0.00,0.00,0.00,NULL,'2024-03-09',NULL),(485,'karimfleifel81@gmail.com','Karim','Fleifel','+96171134727','Lebanon','Yes','5004236',1.51,1.51,724.98,724.98,37.75,-275.02,0.00,0.00,NULL,'2024-03-09',37.75),(486,'brunojamal727@gmail.com','Georges','El Jamal','+96176978475','Lebanon','Yes','5004380',27.56,27.56,168.37,168.37,72.50,-36.94,200.00,0.00,200.00,'2024-03-09',72.50),(487,'yamen.alibrahim007@gmail.com','Yamen','Alibrahim','+96171928093','Lebanon','Yes','5004518',21.69,21.69,358.36,360.28,245.70,-512.88,200.00,0.00,200.00,'2024-03-09',245.70),(488,'fatemahammad5@gmail.com','Fatema','Alhammad','+96181890670','Lebanon','Yes','5004599, 525279',0.08,0.08,193.37,193.37,1.20,-5.37,0.00,0.00,NULL,'2024-03-09',1.20),(489,'ckojak718@gmail.com','Dooa','Hamad','+96171360761','Lebanon','Yes','5004604',0.22,0.22,1028.89,1028.89,3.30,-10.11,974.00,0.00,974.00,'2024-03-09',3.30),(490,'hmokdad991@gmail.com','Hussein','Almokdad','+96178847219','Lebanon','Yes','5004337',0.07,0.07,0.17,0.17,1.75,-2.40,0.00,0.00,NULL,'2024-03-09',1.75),(491,'salamzawawi@gmail.com','Salam','Zawawi','+393290934363','Italy','Yes','5004661',9.69,9.69,457.62,457.62,80.25,157.86,106.00,0.00,106.00,'2024-03-09',80.25),(492,'raadsalahdeen02@gmail.com','Raad','Salahdeen','+96176975109','Lebanon','Yes','5004856',0.33,0.33,30.63,18.62,3.75,-2.96,100.00,-15.00,85.00,'2024-03-09',3.75),(493,'walidalarab40@gmail.com','Mohamad','Al Arab','+96181992562','Lebanon','Yes','5004605',5.93,5.93,929.64,908.82,125.75,444.22,23.00,-23.00,0.00,'2024-03-09',125.75),(494,'as.kdouh@gmail.com','Ali','Kdouh','+96170666513','Lebanon','Yes','5004584',0.00,0.00,0.28,0.28,0.00,0.00,0.00,0.00,NULL,'2024-03-09',NULL),(495,'sanopi3430@gmail.com','Mohamad','Mazeh','+24160141463','Gabon','Yes','5003218',0.00,0.00,110.20,110.20,0.00,0.00,0.00,0.00,NULL,'2024-03-09',NULL),(496,'adelkadri36@gmail.com','Adel','Al Kadri','+96170741886','Lebanon','Yes','5004782',0.00,0.00,0.59,0.59,0.00,0.00,0.00,-1090.00,-1090.00,'2024-03-09',NULL),(497,'protradesolutionlb@gmail.com','Fares','Ahmad','+96170666627','Lebanon','Yes','5004795',0.00,0.00,0.04,0.04,0.00,0.00,0.00,-453.00,-453.00,'2024-03-09',NULL),(498,'h.thalji9@gmail.com','Haneen Zyed Jaber','Thalji','+966568591457','Saudi Arabia','Yes','5004413',0.85,0.85,5.31,5.31,14.50,-394.69,400.00,0.00,400.00,'2024-03-09',14.50),(499,'hsseint@gmail.com','Hussein','Taha','+96170531540','Lebanon','Yes','5004914',0.02,0.02,108.27,108.27,0.50,-93.97,0.00,0.00,NULL,'2024-03-09',0.50),(500,'usifkhansa@gmail.com','Youssef','Khansa','+96170873991','Lebanon','Yes','5004916',15.86,15.86,214.76,214.76,72.50,-291.75,400.00,0.00,400.00,'2024-03-09',72.50),(501,'jawaadhassan828@gmail.com','Hassan','Jawad','+96103081644','Lebanon','Yes','5004946',1.59,1.59,231.80,231.80,39.75,23.55,100.00,0.00,100.00,'2024-03-09',39.75),(502,'hadighandour14@gmail.com','Hadi','Ghandour','+96170689944','Lebanon','Yes','5004736',0.00,0.00,0.00,0.00,0.00,0.00,0.00,0.00,NULL,'2024-03-09',NULL),(503,'layla.habbouchi@gmail.com','Layla','Habbouche','+905411199023','Türkiye','Yes','5004920',0.19,0.19,229.55,229.55,4.75,6.55,223.00,0.00,223.00,'2024-03-09',4.75),(504,'aliasmaraliasmar22@gmail.com','Ali','Hassan','+96171824457','Lebanon','Yes','5004888',1.73,1.73,41.15,41.15,16.25,-415.68,220.00,0.00,220.00,'2024-03-09',16.25),(505,'alialahmad1@mail.ru','Ali','Alahmad','+96171297705','Lebanon','Yes','5004781',19.25,19.25,0.00,0.00,141.50,-1523.91,720.00,-738.48,-18.48,'2024-03-09',141.50),(506,'kaakatiali@gmail.com','Ali','Kaakati','+96176849448','Lebanon','Yes','5005081',13.26,13.26,0.65,0.65,132.60,-1018.60,1900.00,-1067.00,833.00,'2024-03-09',132.60),(507,'miss.sahar.abbas@gmail.com','Sahar','Abbad','+96170541973','Lebanon','Yes','5005121',0.40,0.40,494.90,494.90,10.00,116.84,0.00,0.00,NULL,'2024-03-09',10.00),(508,'choughari.93@gmail.com','Hussein','Choughari','+96171484250','Lebanon','Yes','5005127',0.00,0.00,0.00,0.00,0.00,0.00,0.00,0.00,NULL,'2024-03-09',NULL),(509,'saadhamdii@icloud.com','Saadeddin','Hameda','+905434103000','Türkiye','Yes','5005188',0.25,0.25,131.50,131.50,5.05,28.37,0.00,0.00,NULL,'2024-03-09',5.05),(510,'moawadgeorgio@gmail.com','Georgio','Moawad','+96176688844','Lebanon','Yes','5005216',32.17,32.17,53.44,53.44,451.00,-2571.50,788.00,0.00,788.00,'2024-03-09',451.00),(511,'hasan.abourashed@gmail.com','Hasan','Abou Rashed','+96176142759','Lebanon','Yes','5005376',0.00,0.00,0.00,0.00,0.00,0.00,0.00,0.00,NULL,'2024-03-09',NULL),(512,'antonyzadah@gmail.com','Antony','Zadah','+96179139620','Lebanon','Yes','5005396',7.08,7.08,260.85,259.43,89.25,11.10,250.00,0.00,250.00,'2024-03-09',89.25),(513,'kiimpsanb@gmail.com','Kareem','Anbar','+4917616895534','Germany','Yes','5005096',0.00,0.00,0.35,0.35,0.00,0.00,0.00,0.00,NULL,'2024-03-09',NULL),(514,'yaacoubkataya87@gmail.com','Yaacoub','Kataya','+96103287932','Lebanon','Yes','5005473',14.90,14.90,294.46,294.46,46.25,74.46,220.00,0.00,220.00,'2024-03-09',46.25),(515,'mazencharara11@gmail.com','Mazen','Charara','+96170875247','Lebanon','Yes','5005579',2.30,2.30,208.34,208.34,18.30,-141.66,350.00,0.00,350.00,'2024-03-09',18.30),(516,'hamad6khedr2004@gmail.com','Khedr','Hamad','+4915213017230','Germany','Yes','5005529',0.00,0.00,0.00,0.00,0.00,0.00,0.00,0.00,NULL,'2024-03-09',NULL),(517,'farahalzein009@gmail.com','Farah','Alzein','+96176428963','Lebanon','Yes','5005585',0.01,0.01,99.12,99.12,0.15,-0.88,100.00,0.00,100.00,'2024-03-09',0.15),(518,'mistrahabbas68@gmail.com','Abbas','Mestrah','+96171295412','Lebanon','Yes','5005465',0.20,0.20,712.20,586.80,5.00,97.20,620.00,0.00,620.00,'2024-03-09',5.00),(519,'mahmoudmazeh585@gmail.com','Mahmoud','Mazeh','+22893199471','Togo','Yes','526899, 5005251',3.92,3.92,0.00,0.00,98.00,-365.35,200.00,0.00,200.00,'2024-03-09',98.00),(520,'solimanelzein@gmail.com','Slaiman','Al Zein','+96181796175','Lebanon','Yes','5003098',0.32,0.32,8.88,8.88,6.30,-20.01,0.00,0.00,NULL,'2024-03-16',6.30),(521,'mohamad_eldor2022@outlook.com','Mohamad','Eldor','+96176991037','Lebanon','Yes','5003035',0.00,0.00,0.36,0.36,0.00,0.00,0.00,0.00,NULL,'2024-03-16',NULL),(522,'alaa-serhan@hotmail.com','Alaa','Serhane','+96171855316','Lebanon','Yes','5003155',2.52,2.52,96.01,96.01,13.50,60.74,50.00,0.00,50.00,'2024-03-16',13.50),(523,'zeinab_baalbaki@outlook.com','Zeinab','Albaalbaki','+96171052597','Lebanon','Yes','5003156',0.00,0.00,2.77,2.77,0.00,0.00,0.00,0.00,NULL,'2024-03-16',NULL),(524,'kingthe37@gmail.com','Amer','Ammar','+97459954074','Lebanon','Yes','5003120',0.00,0.00,91.55,91.55,0.00,0.00,0.00,0.00,NULL,'2024-03-16',NULL),(525,'abbassmsheik@hotmail.com','Abbass','Msheik','+96170738209','Lebanon','Yes','5003137',0.23,0.23,416.28,415.54,5.75,68.14,0.00,0.00,NULL,'2024-03-16',5.75),(526,'fhamdan7893@gmail.com','Fatima','Hamdan','+96170785784','Lebanon','Yes','5003157',54.46,54.46,3289.05,3289.05,243.25,-731.95,0.00,0.00,NULL,'2024-03-16',243.25),(527,'saleh.hasssan@gmail.com','Hassan','Saleh','+96170061682','Lebanon','Yes','5003130, 523633',0.00,0.00,0.42,0.42,0.00,0.00,0.00,0.00,NULL,'2024-03-16',NULL),(528,'fatima.el.zein990@gmail.com','Fatima','Alzein','+96170674016','Lebanon','Yes','5003140',2.31,2.31,24.28,19.90,19.35,-63.99,0.00,0.00,NULL,'2024-03-16',19.35),(529,'mostafa_dia123@hotmail.com','Mostafa','Dia','+96103089921','Lebanon','Yes','8040040, 521755, 5003725, 8040041, 804316, 5002988, 804317, 8040042',27.33,0.00,6201.38,6201.38,0.00,84.45,0.00,-4198.00,-4198.00,'2024-03-16',NULL),(530,'husseinshraim95@gmail.com','Hussein','Shraim','+96176814666','Lebanon','Yes','5002993',0.00,0.00,0.00,0.00,0.00,0.00,22.00,-22.64,-0.64,'2024-03-16',NULL),(531,'mohammad_nassour@live.com','Mohamad','Nassour','+96176002706','Lebanon','Yes','5003170',0.00,0.00,0.83,0.83,0.00,0.00,0.00,0.00,NULL,'2024-03-16',NULL),(532,'hsnayash802@gmail.com','Hasan','Ayash','+96171811398','Lebanon','Yes','5003255',1.62,1.62,0.87,0.87,40.50,-567.79,500.00,0.00,500.00,'2024-03-16',40.50),(533,'aya.cheaitani@live.com','Aya','Cheaitani','+96171265505','Lebanon','Yes','5003177',0.00,0.00,563.54,563.54,0.00,0.00,146.00,0.00,146.00,'2024-03-16',NULL),(534,'ayaraad.ba@gmail.com','Aya','Raad','+96171571732','Lebanon','Yes','5003173',0.00,0.00,1.65,1.65,0.00,0.00,0.00,0.00,NULL,'2024-03-16',NULL),(535,'wassim.m.kheir@gmail.com','Wassim','Kheir','+96171916761','Lebanon','Yes','5003230',0.00,0.00,1.31,1.31,0.00,0.00,0.00,0.00,NULL,'2024-03-16',NULL),(536,'fouadagha76@gmail.com','Fouad','Ali Agha','+96176350093','Lebanon','Yes','5003229',0.00,0.00,0.85,0.85,0.00,0.00,0.00,0.00,NULL,'2024-03-16',NULL),(537,'sanopi3430@gmail.com','Mohamad','Mazeh','+24160141463','Gabon','Yes','5003218',0.00,0.00,110.20,110.20,0.00,0.00,0.00,0.00,NULL,'2024-03-16',NULL),(538,'alzeinahmad40@gmail.com','Ahmad','Alzein','+96176547764','Lebanon','Yes','5003310',0.00,0.00,0.85,0.85,0.00,0.00,0.00,0.00,NULL,'2024-03-16',NULL),(539,'jadmohsein@gmail.com','Jad','Mohsein','+96176403990','Lebanon','Yes','5004176',0.00,0.00,0.88,0.88,0.00,0.00,0.00,0.00,NULL,'2024-03-16',NULL),(540,'mohammadalkaays@gmail.com','Mohammad','Abed El Karim','+96176991947','Lebanon','Yes','5003773',0.00,0.00,0.80,0.80,0.00,0.00,0.00,0.00,NULL,'2024-03-16',NULL),(541,'walidbdeir@icloud.com','Walid','Bdeir','+9613769922','Lebanon','Yes','5003926',30.06,30.06,11.68,11.68,535.75,754.48,910.00,0.00,910.00,'2024-03-16',535.75),(542,'ismaildib36@gmail.com','Ismail','Dib','+96170572867','Lebanon','Yes','5003525',0.00,0.00,0.62,0.62,0.00,0.00,0.00,0.00,NULL,'2024-03-16',NULL),(543,'waelkh2246@hotmail.com','Wael','Kharouf','+96181719757','Lebanon','Yes','5003493',0.00,0.00,0.00,0.00,0.00,0.00,0.00,0.00,NULL,'2024-03-16',NULL),(544,'mohammedrizkrizk@gmail.com','Mohammed','Rizk','+2250101466946','Côte d’Ivoire','Yes','5003523',0.00,0.00,0.00,0.00,0.00,0.00,0.00,0.00,NULL,'2024-03-16',NULL),(545,'zahraa_jaw@hotmail.com','Zahraa','Jawhare','+96181798373','Lebanon','Yes','5003536',0.00,0.00,0.00,0.00,0.00,0.00,0.00,0.00,NULL,'2024-03-16',NULL),(546,'rihabhijazi5@gmail.com','Esraa','Hijazi','+96176099256','Lebanon','Yes','5003542',0.00,0.00,0.00,0.00,0.00,0.00,0.00,0.00,NULL,'2024-03-16',NULL),(547,'jinan_at@hotmail.com','Jinan','Aboutaam','+96170044466','Lebanon','Yes','5004379',0.44,0.44,357.30,357.30,11.00,15.78,61.00,0.00,61.00,'2024-03-16',11.00),(548,'moudidia.999@gmail.com','Mohamad','Dia','+96171595145','Lebanon','Yes','5003549',0.00,0.00,0.26,0.26,0.00,0.00,0.00,0.00,NULL,'2024-03-16',NULL),(549,'brahim.sabdallah@gmail.com','Ibrahim','Abdallah','+96176047782','Lebanon','Yes','5003551',10.35,10.35,0.19,0.19,40.50,-176.97,395.00,-218.00,177.00,'2024-03-16',40.50),(550,'alarabwaleed447@gmail.com','Fatima','Al Arab','+96181992572','Lebanon','Yes','5003552',0.00,0.00,0.00,0.00,0.00,0.00,0.00,0.00,NULL,'2024-03-16',NULL),(551,'bsheikhbrahim@gmail.com','Ibrahim','Sheikhibrahim','+96171526373','Lebanon','Yes','5003540',0.22,0.22,0.66,0.66,5.50,-14.39,0.00,0.00,NULL,'2024-03-16',5.50),(552,'amarbarakat616@gmail.com','Amar','Barakat','+96103637157','Lebanon','Yes','5004761',0.00,0.00,13.84,13.84,0.00,0.00,3.00,0.00,3.00,'2024-03-16',NULL),(553,'jradih743@gmail.com','Hussien','Bader Aldin','+96181334091','Lebanon','Yes','5003700, 8040038',0.00,0.00,0.80,0.80,0.00,0.00,0.00,0.00,NULL,'2024-03-16',NULL),(554,'pro176792@gmail.com','Mahmoud','Alsayed','+96181502778','Lebanon','Yes','5003697',0.10,0.10,75.21,75.21,0.25,-0.07,0.00,0.00,NULL,'2024-03-16',0.25),(555,'abbas.diab.cobra@gmail.com','Abbass','Diab','+22870637781','Togo','Yes','5003598',2.83,2.83,44.40,44.40,7.75,-3.16,20.00,0.00,20.00,'2024-03-16',7.75),(556,'romanirola123@gmail.com','Rola','Romani','+96103315289','Lebanon','Yes','5003579',0.51,0.51,143.88,143.88,8.25,-178.76,102.00,0.00,102.00,'2024-03-16',8.25),(557,'fatima.badreddine@hotmail.com','Fatme','Badreddine','+96170929290','Lebanon','Yes','5003694',0.00,0.00,173.49,173.49,0.00,0.00,0.00,0.00,NULL,'2024-03-16',NULL),(558,'maatoukahmad735@gmail.com','Ahmad','Maatouk','+4917664904085','Germany','Yes','5005319, 5003665',2.57,2.57,1.62,1.62,64.25,-282.95,120.20,0.00,120.20,'2024-03-16',64.25),(559,'ramiflitty21@gmail.com','Ahlam','AL Flitty','+9613157324','Lebanon','Yes','5004173',0.00,0.00,0.71,0.71,0.00,0.00,0.00,0.00,NULL,'2024-03-16',NULL),(560,'mohammedzellaya@outlook.com','Mohammed','Zellaya','+96176656642','Lebanon','Yes','5003676',3.73,3.73,-989.49,293.93,26.11,393.41,0.00,0.00,NULL,'2024-03-16',26.11),(561,'kevinmoubarak.jifu@gmail.com','Kevin','Moubarak','+96176639345','Lebanon','Yes','5003774',9.60,9.60,805.69,805.69,33.00,126.24,44.00,0.00,44.00,'2024-03-16',33.00),(562,'hasounfatima45@gmail.com','Fatima','Hassoun','+96171193771','Lebanon','Yes','5003739',0.00,0.00,3.69,3.69,0.00,0.00,0.00,0.00,NULL,'2024-03-16',NULL),(563,'issa91648@gmail.com','Hussein','Issa','+96181031653','Lebanon','Yes','5003896',3.81,3.81,447.75,447.75,18.75,-46.52,0.00,0.00,NULL,'2024-03-16',18.75),(564,'jean.m.youssef@hotmail.com','Jean','Youssef','+96171042724','Lebanon','Yes','5003938',1.06,1.06,216.88,216.88,8.50,-65.09,73.00,-100.00,-27.00,'2024-03-16',8.50),(565,'suzanebuchakra@gmail.com','Ghina','Basbous','+96178841330','Lebanon','Yes','5004013',0.24,0.24,136.76,136.76,1.68,-10.65,28.00,0.00,28.00,'2024-03-16',1.68),(566,'afeefabourashed9@gmail.com','Afeef','Abou Rashed','+96171237437','Lebanon','Yes','5005378',0.00,0.00,0.00,0.00,0.00,0.00,0.00,0.00,NULL,'2024-03-16',NULL),(567,'laylahoussein22@gmail.com','Layla','Houssein','+96176176955','Lebanon','Yes','5004105',0.00,0.00,3.64,3.64,0.00,0.00,0.00,0.00,NULL,'2024-03-16',NULL),(568,'abosalimomran@gmail.com','Mohammad Omran','Alghazawi','+905377999015','Türkiye','Yes','5004139',0.00,0.00,0.93,0.93,0.00,0.00,0.00,0.00,NULL,'2024-03-16',NULL),(569,'ridasaker111@gmail.com','Rida','Saker','+96103244531','Lebanon','Yes','5003936',22.23,22.23,56.86,56.86,78.75,-184.88,715.26,-346.51,368.75,'2024-03-16',78.75),(570,'lion_king9999@hotmail.com','Rabee','Jalloul','+96181257762','Lebanon','Yes','5004035',0.00,0.00,0.00,0.00,0.00,0.00,0.00,0.00,NULL,'2024-03-16',NULL),(571,'battalbashar9@gmail.com','Bashar','Battal','+4915756500805','Germany','Yes','5004261',0.75,0.75,2.22,2.22,18.75,98.36,46.00,0.00,46.00,'2024-03-16',18.75),(572,'younesdia1981@gmail.com','Younis','Dia','+96103920549','Lebanon','Yes','5003780',1.28,1.28,203.15,203.15,32.00,-253.62,200.00,0.00,200.00,'2024-03-16',32.00),(573,'hussshaeib8@gmail.com','Hussein','Shaeib','+96176752976','Lebanon','Yes','5004221',2.22,2.22,45.48,45.48,7.65,-16.36,0.00,0.00,NULL,'2024-03-16',7.65),(574,'karimfleifel81@gmail.com','Karim','Fleifel','+96171134727','Lebanon','Yes','5004236',1.35,1.35,936.07,936.07,24.75,91.84,0.00,0.00,NULL,'2024-03-16',24.75),(575,'omranas1999@gmail.com','Omran','Askar','+96171422065','Lebanon','Yes','5004259',0.00,0.00,0.00,0.00,0.00,0.00,0.00,0.00,NULL,'2024-03-16',NULL),(576,'ayla.moussawi8787@email.com','Ayla','Moussawi','+96170920279','Lebanon','Yes','5004334',0.00,0.00,0.02,0.02,0.00,0.00,0.00,0.00,NULL,'2024-03-16',NULL),(577,'hmokdad991@gmail.com','Hussein','Almokdad','+96178847219','Lebanon','Yes','5004337',0.00,0.00,0.17,0.17,0.00,0.00,0.00,0.00,NULL,'2024-03-16',NULL),(578,'larajannoun200317@gmail.com','Lara','El Jannoun','+96176013781','Lebanon','Yes','5004196',0.00,0.00,0.52,0.52,0.00,0.00,0.00,0.00,NULL,'2024-03-16',NULL),(579,'hseinsaker83@gmail.com','Hussein','Saker','+96171371423','Lebanon','Yes','5004175',3.05,3.05,2.42,2.42,22.25,106.09,90.00,-670.00,-580.00,'2024-03-16',22.25),(580,'fawzihassan.lb@outlook.com','Fawzi','Hasan','+96171347418','Lebanon','Yes','5004377',9.54,9.54,622.99,601.83,173.25,-47.50,400.00,-200.00,200.00,'2024-03-16',173.25),(581,'ghinaziad2002@gmail.com','Ghina','Abou Issam','+96171689614','Lebanon','No','5005923, 5004140',0.00,0.00,0.00,0.00,0.00,0.00,0.00,0.00,NULL,'2024-03-16',NULL),(582,'hussein_fakeeh@live.com','Hussein','Fakeeh','+96170857131','Lebanon','Yes','5004378',13.11,13.11,58.25,58.25,75.75,27.88,100.00,0.00,100.00,'2024-03-16',75.75),(583,'brunojamal727@gmail.com','Georges','El Jamal','+96176978475','Lebanon','Yes','5004380',20.24,20.24,159.18,155.32,94.25,31.18,0.00,-60.00,-60.00,'2024-03-16',94.25),(584,'h.thalji9@gmail.com','Haneen Zyed Jaber','Thalji','+966568591457','Saudi Arabia','Yes','5004413',0.00,0.00,5.31,5.31,0.00,0.00,0.00,0.00,NULL,'2024-03-16',NULL),(585,'lion.yusuf.1435@gmail.com','Abdelrahman','Abunawah','+9005377464798','Türkiye','Yes','5004344',3.65,3.65,1395.24,1260.24,25.55,808.68,251.98,-95.00,156.98,'2024-03-16',25.55),(586,'yamen.alibrahim007@gmail.com','Yamen','Alibrahim','+96171928093','Lebanon','Yes','5004518',15.35,15.35,0.77,0.77,112.80,-305.97,51.70,-50.00,1.70,'2024-03-16',112.80),(587,'fatemahammad5@gmail.com','Fatema','Alhammad','+96181890670','Lebanon','Yes','525279, 5004599',0.07,0.07,179.49,179.49,1.05,-4.85,0.00,0.00,NULL,'2024-03-16',1.05),(588,'as.kdouh@gmail.com','Ali','Kdouh','+96170666513','Lebanon','Yes','5004584',0.00,0.00,0.28,0.28,0.00,0.00,0.00,0.00,NULL,'2024-03-16',NULL),(589,'adham_doma@icloud.com','Adham','Almasri','+96176837864','Lebanon','Yes','5004352',0.32,0.32,46.55,46.55,3.45,-18.84,19.00,0.00,19.00,'2024-03-16',3.45),(590,'ckojak718@gmail.com','Dooa','Hamad','+96171360761','Lebanon','Yes','5004604',0.82,0.82,1074.25,1074.25,12.30,14.51,19.00,0.00,19.00,'2024-03-16',12.30),(591,'mariam_ammar99@hotmail.com','Mariam','Ammar','+96181758214','Lebanon','No','5005609',0.00,0.00,0.00,0.00,0.00,0.00,0.00,0.00,NULL,'2024-03-16',NULL),(592,'raadsalahdeen02@gmail.com','Raad','Salahdeen','+96176975109','Lebanon','Yes','5004856',0.58,0.58,40.70,40.70,3.25,-25.81,40.00,-59.00,-19.00,'2024-03-16',3.25),(593,'hadighandour14@gmail.com','Hadi','Ghandour','+96170689944','Lebanon','Yes','5004736',0.00,0.00,0.00,0.00,0.00,0.00,0.00,0.00,NULL,'2024-03-16',NULL),(594,'alialahmad1@mail.ru','Ali','Alahmad','+96171297705','Lebanon','Yes','5004781',0.00,0.00,0.00,0.00,0.00,0.00,0.00,0.00,NULL,'2024-03-16',NULL),(595,'salamzawawi@gmail.com','Salam','Zawawi','+393290934363','Italy','Yes','5004661',20.03,20.03,136.69,136.69,127.25,-332.69,60.00,0.00,60.00,'2024-03-16',127.25),(596,'adelkadri36@gmail.com','Adel','Al Kadri','+96170741886','Lebanon','Yes','5004782',0.00,0.00,0.59,0.59,0.00,0.00,0.00,0.00,NULL,'2024-03-16',NULL),(597,'protradesolutionlb@gmail.com','Fares','Ahmad','+96170666627','Lebanon','Yes','5004795',0.00,0.00,0.04,0.04,0.00,0.00,0.00,-179.00,-179.00,'2024-03-16',NULL),(598,'walidalarab40@gmail.com','Mohamad','Al Arab','+96181992562','Lebanon','Yes','5004605',9.25,9.25,318.13,289.80,208.75,266.41,25.00,-498.00,-473.00,'2024-03-16',208.75),(599,'hsseint@gmail.com','Hussein','Taha','+96170531540','Lebanon','Yes','5004914',0.11,0.11,204.68,204.68,2.75,-3.59,100.00,0.00,100.00,'2024-03-16',2.75),(600,'usifkhansa@gmail.com','Youssef','Khansa','+96170873991','Lebanon','Yes','5004916',17.25,17.25,153.88,153.88,87.00,-635.63,594.00,0.00,594.00,'2024-03-16',87.00),(601,'jawaadhassan828@gmail.com','Hassan','Jawad','+96103081644','Lebanon','Yes','5004946',0.59,0.59,226.55,225.21,10.25,41.71,0.00,-50.00,-50.00,'2024-03-16',10.25),(602,'ibrahimchahine99@gmail.com','Ibrahim','Chahine','+96181307360','Lebanon','Yes','5005255',2.30,2.30,3.86,3.86,55.25,-96.48,80.00,-81.00,-1.00,'2024-03-16',55.25),(603,'kaakatiali@gmail.com','Ali','Kaakati','+96176849448','Lebanon','Yes','5005081',3.60,3.60,1.45,1.45,36.00,-4.20,100.00,-95.00,5.00,'2024-03-16',36.00),(604,'moubaraknano@gmail.com','Nano','Moubarak','+96171669917','Lebanon','Yes','5005149',0.00,0.00,4.49,4.49,0.00,0.00,0.00,0.00,NULL,'2024-03-16',NULL),(605,'kiimpsanb@gmail.com','Kareem','Anbar','+4917616895534','Germany','Yes','5005096',0.00,0.00,0.35,0.35,0.00,0.00,0.00,0.00,NULL,'2024-03-16',NULL),(606,'miss.sahar.abbas@gmail.com','Sahar','Abbad','+96170541973','Lebanon','Yes','5005121',1.10,1.10,536.91,506.13,24.90,64.68,0.00,0.00,NULL,'2024-03-16',24.90),(607,'aliasmaraliasmar22@gmail.com','Ali','Hassan','+96171824457','Lebanon','Yes','5004888',1.02,1.02,1.87,1.87,7.50,-58.47,40.00,0.00,40.00,'2024-03-16',7.50),(608,'choughari.93@gmail.com','Hussein','Choughari','+96171484250','Lebanon','Yes','5005127',0.00,0.00,0.00,0.00,0.00,0.00,0.00,0.00,NULL,'2024-03-16',NULL),(609,'hasan.abourashed@gmail.com','Hasan','Abou Rashed','+96176142759','Lebanon','Yes','5005376',0.00,0.00,0.00,0.00,0.00,0.00,0.00,0.00,NULL,'2024-03-16',NULL),(610,'moawadgeorgio@gmail.com','Georgio','Moawad','+96176688844','Lebanon','Yes','5005216',0.00,0.00,0.00,0.00,0.00,0.00,0.00,-53.44,-53.44,'2024-03-16',NULL),(611,'saadhamdii@icloud.com','Saadeddin','Hameda','+905434103000','Türkiye','Yes','5005188',0.61,0.61,2.81,2.81,12.20,-128.69,0.00,0.00,NULL,'2024-03-16',12.20),(612,'hamad6khedr2004@gmail.com','Khedr','Hamad','+4915213017230','Germany','Yes','5005529',3.58,3.58,192.92,192.92,53.70,-195.88,200.00,0.00,200.00,'2024-03-16',53.70),(613,'fadelyassine299@gmail.com','Fadel','Yassine','+96170183050','Lebanon','Yes','5005296',0.00,0.00,0.00,0.00,0.00,0.00,0.00,0.00,NULL,'2024-03-16',NULL),(614,'antonyzadah@gmail.com','Antony','Zadah','+96179139620','Lebanon','Yes','5005396',10.92,10.92,60.14,60.14,142.50,-345.97,200.00,-50.00,150.00,'2024-03-16',142.50),(615,'mahmoudmazeh585@gmail.com','Mahmoud','Mazeh','+22893199471','Togo','Yes','5005251, 526899',0.00,0.00,0.00,0.00,0.00,0.00,0.00,0.00,NULL,'2024-03-16',NULL),(616,'layla.habbouchi@gmail.com','Layla','Habbouche','+905411199023','Türkiye','Yes','5004920',0.43,0.43,342.73,342.73,10.75,56.89,14.00,0.00,14.00,'2024-03-16',10.75),(617,'mistrahabbas68@gmail.com','Abbas','Mestrah','+96171295412','Lebanon','Yes','5005465',1.44,1.44,640.60,601.65,36.00,494.60,0.00,-610.00,-610.00,'2024-03-16',36.00),(618,'hamsazead@icloud.com','Hamsa','Zyad','+970598712822','Palestinian Territories','Yes','5005493',1.73,1.73,441.99,441.99,5.00,-37.54,399.00,0.00,399.00,'2024-03-16',5.00),(619,'mazencharara11@gmail.com','Mazen','Charara','+96170875247','Lebanon','Yes','5005579',4.76,4.76,740.70,418.73,70.05,322.64,200.00,0.00,200.00,'2024-03-16',70.05),(620,'ali.salame31@hotmail.com','Ali','Salameh','+96176644693','Lebanon','Yes','5005659',0.00,0.00,0.00,0.00,0.00,0.00,0.00,0.00,NULL,'2024-03-16',NULL),(621,'aloaaaboughnaim@gmail.com','Alaa','Abou Ghnaim','+96176464583','Lebanon','Yes','5005629',0.10,0.10,9790.95,7939.31,0.25,-2.50,9999.00,0.00,9999.00,'2024-03-16',0.25),(622,'alidaher20002018@gmail.com','Ali','Daher','+97466434394','Lebanon','Yes','5005608',19.68,19.68,294.63,294.63,123.00,97.79,290.00,0.00,290.00,'2024-03-16',123.00),(623,'farahalzein009@gmail.com','Farah','Alzein','+96176428963','Lebanon','Yes','5005585',2.62,2.61,0.00,0.00,39.15,-92.80,0.00,0.00,NULL,'2024-03-16',39.15),(624,'yaacoubkataya87@gmail.com','Yaacoub','Kataya','+96103287932','Lebanon','Yes','5005473',18.70,18.70,109.85,109.85,103.00,-234.84,48.70,0.00,48.70,'2024-03-16',103.00),(625,'mostafaaliwe51@gmail.com','Mostafa','Aliwe','+96181966117','Lebanon','No','5005916',0.00,0.00,0.00,0.00,0.00,0.00,0.00,0.00,NULL,'2024-03-16',NULL),(626,'solimanelzein@gmail.com','Slaiman','Al Zein','+96181796175','Lebanon','Yes','5003098',0.31,0.31,60.07,60.07,4.65,-7.47,50.00,0.00,50.00,'2024-03-24',4.65),(627,'fhamdan7893@gmail.com','Fatima','Hamdan','+96170785784','Lebanon','Yes','5003157',35.49,35.49,3403.38,3403.38,122.25,30.41,0.00,0.00,NULL,'2024-03-24',122.25),(628,'fatima.el.zein990@gmail.com','Fatima','Alzein','+96170674016','Lebanon','Yes','5003140',0.69,0.69,0.65,0.65,4.95,-21.14,0.00,0.00,NULL,'2024-03-24',4.95),(629,'mohammad_nassour@live.com','Mohamad','Nassour','+96176002706','Lebanon','Yes','5003170',0.00,0.00,0.83,0.83,0.00,0.00,0.00,0.00,NULL,'2024-03-24',NULL),(630,'mostafa_dia123@hotmail.com','Mostafa','Dia','+96103089921','Lebanon','Yes','5002988, 804317, 521755, 8040042, 8040040, 5003725, 8040041, 804316',23.79,0.00,4651.18,4651.18,0.00,-690.95,0.00,-4138.00,-4138.00,'2024-03-24',NULL),(631,'saleh.hasssan@gmail.com','Hassan','Saleh','+96170061682','Lebanon','Yes','5003130, 523633',0.31,0.31,38.75,38.75,3.10,-161.67,200.00,0.00,200.00,'2024-03-24',1.86),(632,'husseinshraim95@gmail.com','Hussein','Shraim','+96176814666','Lebanon','Yes','5002993',0.02,0.02,0.00,0.00,0.50,-3.99,21.00,-17.01,3.99,'2024-03-24',0.50),(633,'hsnayash802@gmail.com','Hasan','Ayash','+96171811398','Lebanon','Yes','5003255',0.18,0.18,3.95,3.95,4.50,-43.92,107.00,-60.00,47.00,'2024-03-24',4.50),(634,'mohamad_eldor2022@outlook.com','Mohamad','Eldor','+96176991037','Lebanon','Yes','5003035',0.00,0.00,0.36,0.36,0.00,0.00,0.00,0.00,NULL,'2024-03-24',NULL),(635,'alaa-serhan@hotmail.com','Alaa','Serhane','+96171855316','Lebanon','Yes','5003155',2.88,2.88,72.11,72.11,22.50,-56.46,41.00,-100.00,-59.00,'2024-03-24',22.50),(636,'ayaraad.ba@gmail.com','Aya','Raad','+96171571732','Lebanon','Yes','5003173',0.00,0.00,1.65,1.65,0.00,0.00,0.00,0.00,NULL,'2024-03-24',NULL),(637,'aya.cheaitani@live.com','Aya','Cheaitani','+96171265505','Lebanon','Yes','5003177',0.14,0.14,756.90,756.90,3.50,3.36,190.00,0.00,190.00,'2024-03-24',3.50),(638,'abbassmsheik@hotmail.com','Abbass','Msheik','+96170738209','Lebanon','Yes','5003137',0.15,0.15,0.00,0.00,3.75,67.06,0.00,-471.89,-471.89,'2024-03-24',3.75),(639,'zeinab_baalbaki@outlook.com','Zeinab','Albaalbaki','+96171052597','Lebanon','Yes','5003156',0.00,0.00,28.77,28.77,0.00,0.00,26.00,0.00,26.00,'2024-03-24',NULL),(640,'fouadagha76@gmail.com','Fouad','Ali Agha','+96176350093','Lebanon','Yes','5003229',0.00,0.00,0.85,0.85,0.00,0.00,0.00,0.00,NULL,'2024-03-24',NULL),(641,'jadmohsein@gmail.com','Jad','Mohsein','+96176403990','Lebanon','Yes','5004176',0.00,0.00,0.88,0.88,0.00,0.00,0.00,0.00,NULL,'2024-03-24',NULL),(642,'alzeinahmad40@gmail.com','Ahmad','Alzein','+96176547764','Lebanon','Yes','5003310',0.00,0.00,0.85,0.85,0.00,0.00,0.00,0.00,NULL,'2024-03-24',NULL),(643,'mohammadalkaays@gmail.com','Mohammad','Abed El Karim','+96176991947','Lebanon','Yes','5003773',0.00,0.00,0.80,0.80,0.00,0.00,0.00,0.00,NULL,'2024-03-24',NULL),(644,'walidbdeir@icloud.com','Walid','Bdeir','+9613769922','Lebanon','Yes','5003926',5.50,5.50,11.68,11.68,67.75,-1834.33,85.00,0.00,85.00,'2024-03-24',67.75),(645,'zahraa_jaw@hotmail.com','Zahraa','Jawhare','+96181798373','Lebanon','Yes','5003536',0.00,0.00,0.00,0.00,0.00,0.00,0.00,0.00,NULL,'2024-03-24',NULL),(646,'sanopi3430@gmail.com','Mohamad','Mazeh','+24160141463','Gabon','Yes','5003218',0.11,0.11,9.55,9.55,2.75,-100.65,0.00,0.00,NULL,'2024-03-24',2.75),(647,'wassim.m.kheir@gmail.com','Wassim','Kheir','+96171916761','Lebanon','Yes','5003230',0.00,0.00,1.31,1.31,0.00,0.00,0.00,0.00,NULL,'2024-03-24',NULL),(648,'mohammedrizkrizk@gmail.com','Mohammed','Rizk','+2250101466946','Côte d’Ivoire','Yes','5003523',0.00,0.00,0.00,0.00,0.00,0.00,0.00,0.00,NULL,'2024-03-24',NULL),(649,'bsheikhbrahim@gmail.com','Ibrahim','Sheikhibrahim','+96171526373','Lebanon','Yes','5003540',0.00,0.00,0.66,0.66,0.00,0.00,0.00,0.00,NULL,'2024-03-24',NULL),(650,'amarbarakat616@gmail.com','Amar','Barakat','+96103637157','Lebanon','Yes','5004761',0.09,0.09,13.84,13.84,2.25,0.00,10.00,0.00,10.00,'2024-03-24',2.25),(651,'romanirola123@gmail.com','Rola','Romani','+96103315289','Lebanon','Yes','5003579',0.04,0.04,125.82,125.82,1.00,-13.80,0.00,0.00,NULL,'2024-03-24',1.00),(652,'jinan_at@hotmail.com','Jinan','Aboutaam','+96170044466','Lebanon','Yes','5004379',0.59,0.59,488.78,488.78,14.75,94.01,62.00,0.00,62.00,'2024-03-24',14.75),(653,'waelkh2246@hotmail.com','Wael','Kharouf','+96181719757','Lebanon','Yes','5003493',0.00,0.00,0.00,0.00,0.00,0.00,0.00,0.00,NULL,'2024-03-24',NULL),(654,'kingthe37@gmail.com','Amer','Ammar','+96170433580','Lebanon','Yes','5003120',0.00,0.00,0.00,0.00,0.00,0.00,0.00,-91.55,-91.55,'2024-03-24',NULL),(655,'ismaildib36@gmail.com','Ismail','Dib','+96170572867','Lebanon','Yes','5003525',0.00,0.00,0.62,0.62,0.00,0.00,0.00,0.00,NULL,'2024-03-24',NULL),(656,'alarabwaleed447@gmail.com','Fatima','Al Arab','+96181992572','Lebanon','Yes','5003552',0.00,0.00,0.00,0.00,0.00,0.00,0.00,0.00,NULL,'2024-03-24',NULL),(657,'abbas.diab.cobra@gmail.com','Abbass','Diab','+22870637781','Togo','Yes','5003598',1.60,1.60,44.88,44.88,6.25,2.08,0.00,0.00,NULL,'2024-03-24',6.25),(658,'maatoukahmad735@gmail.com','Ahmad','Maatouk','+4917664904085','Germany','Yes','5003665, 5005319',0.00,0.00,1.62,1.62,0.00,0.00,0.00,0.00,NULL,'2024-03-24',NULL),(659,'mohammedzellaya@outlook.com','Mohammed','Zellaya','+96176656642','Lebanon','Yes','5003676',14.34,14.34,1392.51,1440.20,66.36,586.09,0.00,0.00,NULL,'2024-03-24',66.36),(660,'rihabhijazi5@gmail.com','Esraa','Hijazi','+96176099256','Lebanon','Yes','5003542',0.00,0.00,0.00,0.00,0.00,0.00,0.00,0.00,NULL,'2024-03-24',NULL),(661,'jradih743@gmail.com','Hussien','Bader Aldin','+96181334091','Lebanon','Yes','5003700, 8040038',0.00,0.00,0.80,0.80,0.00,0.00,0.00,0.00,NULL,'2024-03-24',NULL),(662,'pro176792@gmail.com','Mahmoud','Alsayed','+96181502778','Lebanon','Yes','5003697',0.00,0.00,75.21,75.21,0.00,0.00,0.00,0.00,NULL,'2024-03-24',NULL),(663,'fatima.badreddine@hotmail.com','Fatme','Badreddine','+96170929290','Lebanon','Yes','5003694',0.00,0.00,173.49,173.49,0.00,0.00,0.00,0.00,NULL,'2024-03-24',NULL),(664,'kevinmoubarak.jifu@gmail.com','Kevin','Moubarak','+96176639345','Lebanon','Yes','5003774',12.28,12.28,744.15,744.15,37.00,-46.85,81.00,0.00,81.00,'2024-03-24',37.00),(665,'younesdia1981@gmail.com','Younis','Dia','+96103920549','Lebanon','Yes','5003780',0.00,0.00,203.15,203.15,0.00,0.00,0.00,0.00,NULL,'2024-03-24',NULL),(666,'brahim.sabdallah@gmail.com','Ibrahim','Abdallah','+96176047782','Lebanon','Yes','5003551',0.00,0.00,0.19,0.19,0.00,0.00,0.00,0.00,NULL,'2024-03-24',NULL),(667,'moudidia.999@gmail.com','Mohamad','Dia','+96171595145','Lebanon','Yes','5003549',0.00,0.00,0.26,0.26,0.00,0.00,0.00,0.00,NULL,'2024-03-24',NULL),(668,'hasounfatima45@gmail.com','Fatima','Hassoun','+96171193771','Lebanon','Yes','5003739',0.00,0.00,3.69,3.69,0.00,0.00,0.00,0.00,NULL,'2024-03-24',NULL),(669,'issa91648@gmail.com','Hussein','Issa','+96181031653','Lebanon','Yes','5003896',12.81,12.81,386.14,386.14,90.75,-20.16,0.00,0.00,NULL,'2024-03-24',90.75),(670,'ridasaker111@gmail.com','Rida','Saker','+96103244531','Lebanon','Yes','5003936',5.66,5.66,0.01,0.01,35.75,-176.37,25.00,-79.00,-54.00,'2024-03-24',35.75),(671,'jean.m.youssef@hotmail.com','Jean','Youssef','+96171042724','Lebanon','Yes','5003938',0.57,0.57,247.28,247.28,3.00,-5.66,45.00,-200.00,-155.00,'2024-03-24',3.00),(672,'ramiflitty21@gmail.com','Ahlam','AL Flitty','+9613157324','Lebanon','Yes','5004173',0.00,0.00,0.71,0.71,0.00,0.00,0.00,0.00,NULL,'2024-03-24',NULL),(673,'suzanebuchakra@gmail.com','Ghina','Basbous','+96178841330','Lebanon','Yes','5004013',0.00,0.00,136.76,136.76,0.00,0.00,0.00,0.00,NULL,'2024-03-24',NULL),(674,'ghinaziad2002@gmail.com','Ghina','Hassoun','+96171689614','Lebanon','Yes','5004140, 5005923',0.00,0.00,0.00,0.00,0.00,0.00,0.00,0.00,NULL,'2024-03-24',NULL),(675,'lion_king9999@hotmail.com','Rabee','Jalloul','+96181257762','Lebanon','Yes','5004035',0.00,0.00,0.00,0.00,0.00,0.00,0.00,0.00,NULL,'2024-03-24',NULL),(676,'laylahoussein22@gmail.com','Layla','Houssein','+96176176955','Lebanon','Yes','5004105',0.00,0.00,3.64,3.64,0.00,0.00,0.00,0.00,NULL,'2024-03-24',NULL),(677,'hseinsaker83@gmail.com','Hussein','Saker','+96171371423','Lebanon','Yes','5004175',0.06,0.06,2.42,2.42,1.50,-23.93,0.00,0.00,NULL,'2024-03-24',1.50),(678,'larajannoun200317@gmail.com','Lara','El Jannoun','+96176013781','Lebanon','Yes','5004196',0.00,0.00,0.52,0.52,0.00,0.00,0.00,0.00,NULL,'2024-03-24',NULL),(679,'battalbashar9@gmail.com','Bashar','Battal','+4915756500805','Germany','Yes','5004261',0.48,0.48,0.86,0.86,12.00,-151.59,7.00,0.00,7.00,'2024-03-24',12.00),(680,'abosalimomran@gmail.com','Mohammad Omran','Alghazawi','+905377999015','Türkiye','Yes','5004139',0.00,0.00,0.93,0.93,0.00,0.00,0.00,0.00,NULL,'2024-03-24',NULL),(681,'hussshaeib8@gmail.com','Hussein','Shaeib','+96176752976','Lebanon','Yes','5004221',3.35,3.35,80.78,80.78,13.80,-54.81,100.00,0.00,100.00,'2024-03-24',13.80),(682,'ayla.moussawi8787@email.com','Ayla','Moussawi','+96170920279','Lebanon','Yes','5004334',0.00,0.00,0.02,0.02,0.00,0.00,0.00,0.00,NULL,'2024-03-24',NULL),(683,'hmokdad991@gmail.com','Hussein','Almokdad','+96178847219','Lebanon','Yes','5004337',0.00,0.00,0.17,0.17,0.00,0.00,0.00,0.00,NULL,'2024-03-24',NULL),(684,'lion.yusuf.1435@gmail.com','Abdelrahman','Abunawah','+9005377464798','Türkiye','Yes','5004344',8.49,8.49,27.26,27.26,58.80,-654.56,181.96,-500.00,-318.04,'2024-03-24',58.80),(685,'afeefabourashed9@gmail.com','Afeef','Abou Rashed','+96171237437','Lebanon','Yes','5005378',0.00,0.00,0.00,0.00,0.00,0.00,0.00,0.00,NULL,'2024-03-24',NULL),(686,'delbanifarah67@gmail.com','Farah','Delbani','+96170378080','Lebanon','Yes','5005942',0.00,0.00,0.00,0.00,0.00,0.00,0.00,0.00,NULL,'2024-03-24',NULL),(687,'adham_doma@icloud.com','Adham','Almasri','+96176837864','Lebanon','Yes','5004352',0.55,0.55,61.81,61.81,1.50,2.44,21.00,0.00,21.00,'2024-03-24',1.50),(688,'karimfleifel81@gmail.com','Karim','Fleifel','+96171134727','Lebanon','Yes','5004236',0.84,0.84,959.04,959.04,21.00,142.22,0.00,0.00,NULL,'2024-03-24',21.00),(689,'h.thalji9@gmail.com','Haneen Zyed Jaber','Thalji','+966568591457','Saudi Arabia','Yes','5004413',0.02,0.02,6.76,6.76,0.50,1.45,0.00,0.00,NULL,'2024-03-24',0.50),(690,'brunojamal727@gmail.com','Georges','El Jamal','+96176978475','Lebanon','Yes','5004380',8.59,8.59,0.74,0.74,70.75,-135.96,0.00,0.00,NULL,'2024-03-24',70.75),(691,'omranas1999@gmail.com','Omran','Askar','+96171422065','Lebanon','Yes','5004259',0.00,0.00,0.00,0.00,0.00,0.00,0.00,0.00,NULL,'2024-03-24',NULL),(692,'fawzihassan.lb@outlook.com','Fawzi','Hasan','+96171347418','Lebanon','Yes','5004377',1.92,1.92,27.87,27.87,25.50,-350.68,200.00,-100.00,100.00,'2024-03-24',25.50),(693,'hussein_fakeeh@live.com','Hussein','Fakeeh','+96170857131','Lebanon','Yes','5004378',15.06,15.06,101.05,101.05,72.75,-159.41,100.00,0.00,100.00,'2024-03-24',72.75),(694,'fatemahammad5@gmail.com','Fatema','Alhammad','+96181890670','Lebanon','Yes','525279, 5004599',0.15,0.15,189.61,189.61,2.25,1.09,0.00,0.00,NULL,'2024-03-24',2.25),(695,'as.kdouh@gmail.com','Ali','Kdouh','+96170666513','Lebanon','Yes','5004584',0.00,0.00,0.28,0.28,0.00,0.00,0.00,0.00,NULL,'2024-03-24',NULL),(696,'walidalarab40@gmail.com','Mohamad','Al Arab','+96181992562','Lebanon','Yes','5004605',8.85,8.85,73.96,115.49,219.00,-687.59,41.00,0.00,41.00,'2024-03-24',219.00),(697,'ckojak718@gmail.com','Dooa','Hamad','+96171360761','Lebanon','Yes','5004604',0.97,0.97,1026.84,1026.84,14.55,46.44,18.00,0.00,18.00,'2024-03-24',14.55),(698,'salamzawawi@gmail.com','Salam','Zawawi','+393290934363','Italy','Yes','5004661',10.98,10.98,95.86,95.62,101.25,-88.57,0.00,0.00,NULL,'2024-03-24',101.25),(699,'mariam_ammar99@hotmail.com','Mariam','Ammar','+96181758214','Lebanon','No','5005609',0.00,0.00,24.00,24.00,0.00,0.00,24.00,0.00,24.00,'2024-03-24',NULL),(700,'yamen.alibrahim007@gmail.com','Yamen','Alibrahim','+96171928093','Lebanon','Yes','5004518',1.10,1.10,0.77,0.77,8.40,-17.84,0.00,-36.00,-36.00,'2024-03-24',8.40),(701,'hadighandour14@gmail.com','Hadi','Ghandour','+96170689944','Lebanon','Yes','5004736',0.00,0.00,0.00,0.00,0.00,0.00,0.00,0.00,NULL,'2024-03-24',NULL),(702,'alialahmad1@mail.ru','Ali','Alahmad','+96171297705','Lebanon','Yes','5004781',0.00,0.00,0.00,0.00,0.00,0.00,0.00,0.00,NULL,'2024-03-24',NULL),(703,'aya.projects@hotmail.com','Doha','Kobeissi','+96103714345','Lebanon','Yes','5004633',4.00,4.00,129.24,129.24,12.25,16.38,0.00,0.00,NULL,'2024-03-24',12.25),(704,'adelkadri36@gmail.com','Adel','Al Kadri','+96170741886','Lebanon','Yes','5004782',0.00,0.00,0.59,0.59,0.00,0.00,0.00,0.00,NULL,'2024-03-24',NULL),(705,'protradesolutionlb@gmail.com','Fares','Ahmad','+96170666627','Lebanon','Yes','5004795',0.00,0.00,0.04,0.04,0.00,0.00,0.00,0.00,NULL,'2024-03-24',NULL),(706,'layla.habbouchi@gmail.com','Layla','Habbouche','+905411199023','Türkiye','Yes','5004920',0.44,0.44,34.99,34.99,11.00,-299.45,34.00,0.00,34.00,'2024-03-24',11.00),(707,'hsseint@gmail.com','Hussein','Taha','+96170531540','Lebanon','Yes','5004914',0.10,0.10,220.24,220.24,2.50,15.56,0.00,0.00,NULL,'2024-03-24',2.50),(708,'usifkhansa@gmail.com','Youssef','Khansa','+96170873991','Lebanon','Yes','5004916',5.87,5.87,7.96,7.96,47.75,-165.66,0.00,0.00,NULL,'2024-03-24',47.75),(709,'raadsalahdeen02@gmail.com','Raad','Salahdeen','+96176975109','Lebanon','Yes','5004856',3.31,3.31,46.91,46.91,15.25,2.10,0.00,0.00,NULL,'2024-03-24',15.25),(710,'aliasmaraliasmar22@gmail.com','Ali','Hassan','+96171824457','Lebanon','Yes','5004888',0.31,0.31,1.87,1.87,1.00,-20.97,0.00,0.00,NULL,'2024-03-24',1.00),(711,'kaakatiali@gmail.com','Ali','Kaakati','+96176849448','Lebanon','Yes','5005081',0.00,0.00,1.45,1.45,0.00,0.00,0.00,0.00,NULL,'2024-03-24',NULL),(712,'moubaraknano@gmail.com','Nano','Moubarak','+96171669917','Lebanon','Yes','5005149',0.00,0.00,4.49,4.49,0.00,0.00,0.00,0.00,NULL,'2024-03-24',NULL),(713,'kiimpsanb@gmail.com','Kareem','Anbar','+4917616895534','Germany','Yes','5005096',0.00,0.00,0.35,0.35,0.00,0.00,0.00,0.00,NULL,'2024-03-24',NULL),(714,'miss.sahar.abbas@gmail.com','Sahar','Abbad','+96170541973','Lebanon','Yes','5005121',1.01,1.01,559.93,559.93,20.20,0.35,0.00,0.00,NULL,'2024-03-24',20.20),(715,'choughari.93@gmail.com','Hussein','Choughari','+96171484250','Lebanon','Yes','5005127',0.00,0.00,0.00,0.00,0.00,0.00,0.00,0.00,NULL,'2024-03-24',NULL),(716,'ibrahimchahine99@gmail.com','Ibrahim','Chahine','+96181307360','Lebanon','Yes','5005255',0.00,0.00,3.86,3.86,0.00,0.00,0.00,0.00,NULL,'2024-03-24',NULL),(717,'saadhamdii@icloud.com','Saadeddin','Hameda','+905434103000','Türkiye','Yes','5005188',0.00,0.00,2.81,2.81,0.00,0.00,0.00,0.00,NULL,'2024-03-24',NULL),(718,'jawaadhassan828@gmail.com','Hassan','Jawad','+96103081644','Lebanon','Yes','5004946',2.33,2.33,203.81,203.81,58.25,20.30,0.00,0.00,NULL,'2024-03-24',58.25),(719,'hasan.abourashed@gmail.com','Hasan','Abou Rashed','+96176142759','Lebanon','Yes','5005376',0.00,0.00,0.00,0.00,0.00,0.00,0.00,0.00,NULL,'2024-03-24',NULL),(720,'mahmoudmazeh585@gmail.com','Mahmoud','Mazeh','+22893199471','Togo','Yes','526899, 5005251',0.00,0.00,0.00,0.00,0.00,0.00,0.00,0.00,NULL,'2024-03-24',NULL),(721,'yaacoubkataya87@gmail.com','Yaacoub','Kataya','+96103287932','Lebanon','Yes','5005473',7.98,7.98,102.60,102.60,42.00,-67.72,62.00,0.00,62.00,'2024-03-24',42.00),(722,'mazencharara11@gmail.com','Mazen','Charara','+96170875247','Lebanon','Yes','5005579',54.23,54.13,789.81,789.81,486.60,-1791.17,1850.00,0.00,1850.00,'2024-03-24',486.60),(723,'mistrahabbas68@gmail.com','Abbas','Mestrah','+96171295412','Lebanon','Yes','5005465',3.30,3.30,0.00,0.00,82.50,-466.05,600.00,-750.00,-150.00,'2024-03-24',82.50),(724,'hamsazead@icloud.com','Hamsa','Zyad','+970598712822','Palestinian Territories','Yes','5005493',5.43,5.43,31.06,31.06,21.00,-330.40,0.00,0.00,NULL,'2024-03-24',21.00),(725,'farahalzein009@gmail.com','Farah','Alzein','+96176428963','Lebanon','Yes','5005585',1.11,1.11,0.82,0.82,16.65,-255.53,250.00,0.00,250.00,'2024-03-24',16.65),(726,'alidaher20002018@gmail.com','Ali','Daher','+97466434394','Lebanon','Yes','5005608',24.06,24.06,664.73,664.73,356.25,276.94,0.00,0.00,NULL,'2024-03-24',356.25),(727,'moawadgeorgio@gmail.com','Georgio','Moawad','+96176688844','Lebanon','Yes','5005216',0.00,0.00,0.00,0.00,0.00,0.00,0.00,0.00,NULL,'2024-03-24',NULL),(728,'fadelyassine299@gmail.com','Fadel','Yassine','+96170183050','Lebanon','Yes','5005296',0.00,0.00,0.00,0.00,0.00,0.00,0.00,0.00,NULL,'2024-03-24',NULL),(729,'aloaaaboughnaim@gmail.com','Alaa','Abou Ghnaim','+96176464583','Lebanon','Yes','5005629',50.35,50.35,11372.38,8497.56,655.75,1500.88,0.00,0.00,NULL,'2024-03-24',655.75),(730,'ali.salame31@hotmail.com','Ali','Salameh','+96176644693','Lebanon','Yes','5005659',0.00,0.00,0.00,0.00,0.00,0.00,0.00,0.00,NULL,'2024-03-24',NULL),(731,'mhamadabdohoujairi@gmail.com','Mhamad Abdo','Houjairi','+96181535277','Lebanon','Yes','5005981',2.57,2.57,60.25,60.25,35.00,-19.75,80.00,0.00,80.00,'2024-03-24',35.00),(732,'mohammedmassri@hotmail.com','Mohammad','Masri','+96103123063','Lebanon','Yes','5005988',4.72,4.72,589.79,574.83,28.95,-9.76,600.00,0.00,600.00,'2024-03-24',28.95),(733,'hamad6khedr2004@gmail.com','Khedr','Hamad','+4915213017230','Germany','Yes','5005529',0.85,0.85,192.92,192.92,12.75,-11.20,0.00,0.00,NULL,'2024-03-24',12.75),(734,'mostafaaliwe51@gmail.com','Mostafa','Aliwe','+96181966117','Lebanon','Yes','5005916',0.00,0.00,0.00,0.00,0.00,0.00,0.00,0.00,NULL,'2024-03-24',NULL),(735,'salman.ahmad1990@hotmail.com','Ahmad','Salman','+243999382071','Congo - Kinshasa','Yes','5005953',0.00,0.00,0.00,0.00,0.00,0.00,0.00,0.00,NULL,'2024-03-24',NULL),(736,'antonyzadah@gmail.com','Antony','Zadah','+96179139620','Lebanon','Yes','5005396',6.08,6.08,2.05,2.05,41.75,-63.08,0.00,0.00,NULL,'2024-03-24',41.75),(737,'ozilkarar99@gmail.com','Karrar','Aqeel','+9647826489016','Iraq','Yes','5005999',0.00,0.00,0.00,0.00,0.00,0.00,0.00,0.00,NULL,'2024-03-24',NULL),(738,'bilal_abou_mahmoud@hotmail.com','Bilal','Abou Mahmoud','+96103746882','Lebanon','Yes','5006096',0.00,0.00,642.71,642.71,0.00,0.00,642.71,0.00,642.71,'2024-03-24',NULL),(739,'nouraboud595@gmail.com','Ali','Rmaity','+96181610041','Lebanon','No','5006117',0.00,0.00,0.00,0.00,0.00,0.00,0.00,0.00,NULL,'2024-03-24',NULL),(740,'mdoaa1050@gmail.com','Antasar','Freijeh','+96176510699','Lebanon','No','528474, 5006039',0.00,0.00,0.00,0.00,0.00,0.00,0.00,0.00,NULL,'2024-03-24',NULL),(741,'amalmahdi986@gmail.com','Kawthar','Diab','+96170296607','Lebanon','No','5005996',0.00,0.00,0.00,0.00,0.00,0.00,0.00,0.00,NULL,'2024-03-24',NULL);
/*!40000 ALTER TABLE `commissionRecords` ENABLE KEYS */;
UNLOCK TABLES;

--
-- Table structure for table `groupLevels`
--

DROP TABLE IF EXISTS `groupLevels`;
/*!40101 SET @saved_cs_client     = @@character_set_client */;
/*!50503 SET character_set_client = utf8mb4 */;
CREATE TABLE `groupLevels` (
  `groupId` int NOT NULL,
  `levelIndex` int NOT NULL,
  `commissionChunk` decimal(11,0) NOT NULL,
  PRIMARY KEY (`groupId`,`levelIndex`),
  CONSTRAINT `groupLevels_ibfk_1` FOREIGN KEY (`groupId`) REFERENCES `groupsTable` (`id`)
) ENGINE=InnoDB DEFAULT CHARSET=utf8mb4 COLLATE=utf8mb4_general_ci;
/*!40101 SET character_set_client = @saved_cs_client */;

--
-- Dumping data for table `groupLevels`
--

LOCK TABLES `groupLevels` WRITE;
/*!40000 ALTER TABLE `groupLevels` DISABLE KEYS */;
INSERT INTO `groupLevels` VALUES (1,1,5),(1,2,2),(1,3,1),(1,4,1),(1,5,1),(1,6,1),(1,7,1),(1,8,1),(1,9,1),(1,10,1),(1,11,0),(1,12,0),(1,13,0),(1,14,0),(1,15,0),(1,16,0),(1,17,0),(1,18,0),(1,19,0),(1,20,0);
/*!40000 ALTER TABLE `groupLevels` ENABLE KEYS */;
UNLOCK TABLES;

--
-- Table structure for table `groupsTable`
--

DROP TABLE IF EXISTS `groupsTable`;
/*!40101 SET @saved_cs_client     = @@character_set_client */;
/*!50503 SET character_set_client = utf8mb4 */;
CREATE TABLE `groupsTable` (
  `id` int NOT NULL AUTO_INCREMENT,
  `name` varchar(255) COLLATE utf8mb4_general_ci NOT NULL,
  `totalCommission` decimal(10,2) DEFAULT '0.00',
  `dispensedCommission` decimal(10,2) DEFAULT '0.00',
  `createdAt` timestamp NULL DEFAULT CURRENT_TIMESTAMP,
  PRIMARY KEY (`id`),
  UNIQUE KEY `name` (`name`)
) ENGINE=InnoDB AUTO_INCREMENT=3 DEFAULT CHARSET=utf8mb4 COLLATE=utf8mb4_general_ci;
/*!40101 SET character_set_client = @saved_cs_client */;

--
-- Dumping data for table `groupsTable`
--

LOCK TABLES `groupsTable` WRITE;
/*!40000 ALTER TABLE `groupsTable` DISABLE KEYS */;
INSERT INTO `groupsTable` VALUES (1,'GroupA',25.00,15.00,'2024-01-23 00:00:00');
/*!40000 ALTER TABLE `groupsTable` ENABLE KEYS */;
UNLOCK TABLES;

--
-- Table structure for table `relationships`
--

DROP TABLE IF EXISTS `relationships`;
/*!40101 SET @saved_cs_client     = @@character_set_client */;
/*!50503 SET character_set_client = utf8mb4 */;
CREATE TABLE `relationships` (
  `id` int NOT NULL AUTO_INCREMENT,
  `downlineId` int DEFAULT NULL,
  `uplineId` int DEFAULT NULL,
  `commissionChunk` decimal(11,0) DEFAULT NULL,
  `level` int DEFAULT NULL,
  PRIMARY KEY (`id`),
  KEY `downlineId` (`downlineId`),
  KEY `uplineId` (`uplineId`),
  CONSTRAINT `relationships_ibfk_1` FOREIGN KEY (`downlineId`) REFERENCES `users` (`id`),
  CONSTRAINT `relationships_ibfk_2` FOREIGN KEY (`uplineId`) REFERENCES `users` (`id`)
) ENGINE=InnoDB AUTO_INCREMENT=1305 DEFAULT CHARSET=utf8mb4 COLLATE=utf8mb4_general_ci;
/*!40101 SET character_set_client = @saved_cs_client */;

--
-- Dumping data for table `relationships`
--

LOCK TABLES `relationships` WRITE;
/*!40000 ALTER TABLE `relationships` DISABLE KEYS */;
INSERT INTO `relationships` VALUES (722,146,129,15,1),(723,147,129,15,1),(726,149,147,5,1),(727,149,129,10,2),(728,148,149,17,1),(729,148,147,2,2),(730,148,129,6,3),(731,150,148,14,1),(732,150,147,2,3),(733,150,149,0,2),(734,150,129,9,4),(735,151,148,14,1),(736,151,149,0,2),(737,151,147,2,3),(738,151,129,9,4),(739,152,147,2,3),(740,152,149,0,2),(741,152,129,9,4),(742,152,148,14,1),(743,153,148,4,1),(744,153,147,2,3),(745,153,149,10,2),(746,153,129,9,4),(747,154,147,2,3),(748,154,129,9,4),(749,154,149,0,2),(750,154,148,14,1),(751,155,154,25,1),(752,155,148,0,2),(753,155,149,0,3),(754,155,147,0,4),(755,155,129,0,5),(756,156,148,14,1),(757,156,149,0,2),(758,156,147,2,3),(759,156,129,9,4),(760,157,148,14,1),(761,157,149,0,2),(762,157,147,2,3),(763,157,129,9,4),(764,158,147,2,3),(765,158,149,0,2),(766,158,148,14,1),(767,158,129,9,4),(768,159,150,5,1),(769,159,148,9,2),(770,159,149,0,3),(771,159,147,2,4),(772,159,129,9,5),(773,160,147,2,2),(774,160,149,19,1),(775,160,129,4,3),(776,161,149,8,2),(777,161,160,10,1),(778,161,147,4,3),(779,161,129,3,4),(780,162,148,14,1),(781,162,149,0,2),(782,162,147,2,3),(783,162,129,9,4),(784,163,162,5,1),(785,163,148,9,2),(786,163,149,0,3),(787,163,147,2,4),(788,163,129,9,5),(789,164,162,5,1),(790,164,148,9,2),(791,164,129,9,5),(792,164,149,0,3),(793,164,147,2,4),(794,165,162,2,2),(795,165,164,5,1),(796,165,148,7,3),(797,165,149,0,4),(798,165,147,2,5),(799,165,129,9,6),(800,166,164,5,1),(801,166,148,7,3),(802,166,162,2,2),(803,166,149,0,4),(804,166,147,2,5),(805,166,129,9,6),(806,167,164,5,1),(807,167,162,2,2),(808,167,147,2,5),(809,167,148,7,3),(810,167,149,0,4),(811,167,129,9,6),(812,168,167,5,1),(813,168,164,2,2),(814,168,148,6,4),(815,168,162,1,3),(816,168,149,0,5),(817,168,147,2,6),(818,168,129,9,7),(819,169,167,2,2),(820,169,148,5,5),(821,169,147,2,7),(822,169,129,9,8),(823,169,168,5,1),(824,169,162,1,4),(825,169,164,1,3),(826,169,149,0,6),(827,170,146,15,1),(828,170,129,10,2),(829,171,146,5,2),(830,171,129,10,3),(831,171,170,10,1),(832,172,170,10,1),(833,172,146,5,2),(834,172,129,10,3),(835,173,170,10,1),(836,173,146,5,2),(837,173,129,10,3),(838,174,170,10,1),(839,174,129,10,3),(840,174,146,5,2),(841,175,174,5,1),(842,175,146,5,3),(843,175,170,5,2),(844,175,129,10,4),(845,176,170,5,2),(846,176,146,5,3),(847,176,129,10,4),(848,176,174,5,1),(849,177,176,5,1),(850,177,174,2,2),(851,177,170,3,3),(852,177,146,5,4),(853,177,129,10,5),(854,178,170,10,1),(855,178,146,5,2),(856,178,129,10,3),(857,179,178,5,1),(858,179,170,5,2),(859,179,146,5,3),(860,179,129,10,4),(861,180,170,5,2),(862,180,146,5,3),(863,180,178,5,1),(864,180,129,10,4),(865,181,178,5,1),(866,181,170,5,2),(867,181,146,5,3),(868,181,129,10,4),(869,182,178,5,1),(870,182,170,5,2),(871,182,146,5,3),(872,182,129,10,4),(873,183,129,10,3),(874,183,146,5,2),(875,183,170,10,1),(876,184,129,10,2),(877,184,146,15,1),(878,185,184,10,1),(879,185,146,5,2),(880,185,129,10,3),(881,186,185,5,1),(882,186,146,5,3),(883,186,129,10,4),(884,186,184,5,2),(885,187,184,5,2),(886,187,146,5,3),(887,187,185,5,1),(888,187,129,10,4),(889,188,187,5,1),(890,188,185,2,2),(891,188,129,10,5),(892,188,146,5,4),(893,188,184,3,3),(894,189,146,5,2),(895,189,129,10,3),(896,189,184,10,1),(897,190,184,10,1),(898,190,146,5,2),(899,190,129,10,3),(900,191,184,5,2),(901,191,146,5,3),(902,191,190,5,1),(903,191,129,10,4),(948,204,146,3,1),(949,204,129,22,2),(950,205,204,15,1),(951,205,129,3,3),(952,205,146,2,2),(953,206,147,25,1),(954,206,129,0,2),(955,207,147,25,1),(956,207,129,0,2),(957,208,147,0,1),(958,208,129,0,2),(959,209,147,4,2),(960,209,129,3,3),(961,209,208,18,1),(962,210,147,4,2),(963,210,129,3,3),(964,210,208,18,1),(965,211,208,18,1),(966,211,147,4,2),(967,211,129,3,3),(968,212,129,1,3),(969,212,147,2,2),(970,212,208,4,1),(971,213,208,18,1),(972,213,147,4,2),(973,213,129,3,3),(974,214,208,5,1),(975,214,129,2,3),(976,214,147,3,2),(977,215,147,15,1),(978,215,129,10,2),(979,216,149,0,2),(980,216,129,9,4),(981,216,147,12,3),(982,216,148,4,1),(983,217,215,10,1),(984,217,147,5,2),(985,217,129,10,3),(986,218,147,5,3),(987,218,215,5,2),(988,218,217,5,1),(989,218,129,10,4),(990,219,146,5,2),(991,219,184,10,1),(992,219,129,10,3),(993,220,148,4,2),(994,220,147,2,4),(995,220,216,10,1),(996,220,149,0,3),(997,220,129,9,5),(1010,224,129,10,3),(1011,224,184,10,1),(1012,224,146,5,2),(1013,225,184,5,2),(1014,225,129,10,4),(1015,225,224,5,1),(1016,225,146,5,3),(1022,227,149,0,3),(1023,227,216,10,1),(1024,227,147,2,4),(1025,227,148,4,2),(1026,227,129,9,5),(1027,228,227,5,1),(1028,228,216,5,2),(1029,228,149,0,4),(1030,228,148,4,3),(1031,228,147,2,5),(1032,228,129,9,6),(1033,229,148,4,2),(1034,229,147,2,4),(1035,229,149,0,3),(1036,229,216,10,1),(1037,229,129,9,5),(1038,230,216,10,1),(1039,230,148,1,2),(1040,230,149,0,3),(1041,230,147,1,4),(1042,230,129,3,5),(1043,231,230,5,1),(1044,231,148,4,3),(1045,231,129,9,6),(1046,231,149,0,4),(1047,231,216,5,2),(1048,231,147,2,5),(1049,232,216,10,1),(1050,232,148,4,2),(1051,232,149,0,3),(1052,232,147,2,4),(1053,232,129,9,5),(1054,233,216,10,1),(1055,233,148,1,2),(1056,233,147,1,4),(1057,233,149,0,3),(1058,233,129,3,5),(1059,234,233,4,1),(1060,234,216,4,2),(1061,234,148,1,3),(1062,234,147,4,5),(1063,234,129,2,6),(1064,234,149,0,4),(1065,235,233,4,2),(1066,235,148,1,4),(1067,235,147,1,6),(1068,235,149,0,5),(1069,235,216,4,3),(1070,235,129,1,7),(1071,235,234,4,1),(1072,236,216,10,1),(1073,236,148,4,2),(1074,236,149,0,3),(1075,236,147,2,4),(1076,236,129,9,5),(1077,237,216,10,1),(1078,237,148,4,2),(1079,237,149,0,3),(1080,237,129,9,5),(1081,237,147,2,4),(1082,238,216,0,1),(1083,238,148,0,2),(1084,238,129,0,5),(1085,238,149,0,3),(1086,238,147,0,4),(1087,239,234,4,1),(1088,239,233,4,2),(1089,239,148,1,4),(1090,239,216,4,3),(1091,239,147,1,6),(1092,239,149,0,5),(1093,239,129,11,7),(1094,240,149,0,5),(1095,240,216,4,3),(1096,240,234,4,1),(1097,240,233,4,2),(1098,240,129,1,7),(1099,240,148,1,4),(1100,240,147,1,6),(1101,241,204,15,1),(1102,241,146,3,2),(1103,241,129,2,3),(1108,243,149,0,2),(1109,243,147,13,3),(1110,243,129,10,4),(1111,243,148,2,1),(1112,244,243,13,1),(1113,244,148,1,2),(1114,244,149,0,3),(1115,244,147,1,4),(1116,244,129,10,5),(1117,245,243,13,1),(1118,245,148,1,2),(1119,245,149,0,3),(1120,245,147,1,4),(1121,245,129,10,5),(1122,246,243,13,1),(1123,246,149,0,3),(1124,246,147,1,4),(1125,246,148,1,2),(1126,246,129,10,5),(1127,247,243,13,1),(1128,247,148,1,2),(1129,247,149,0,3),(1130,247,147,1,4),(1131,247,129,10,5),(1132,248,148,1,3),(1133,248,243,3,2),(1134,248,149,0,4),(1135,248,147,1,5),(1136,248,129,10,6),(1137,248,244,10,1),(1138,249,244,10,1),(1139,249,149,0,4),(1140,249,148,1,3),(1141,249,243,3,2),(1142,249,147,1,5),(1143,249,129,10,6),(1144,250,149,0,4),(1145,250,243,3,2),(1146,250,148,1,3),(1147,250,129,10,6),(1148,250,147,1,5),(1149,250,244,10,1),(1150,251,148,1,3),(1151,251,243,3,2),(1152,251,129,10,6),(1153,251,149,0,4),(1154,251,244,10,1),(1155,251,147,1,5),(1156,252,248,5,1),(1157,252,244,5,2),(1158,252,149,0,5),(1159,252,243,3,3),(1160,252,148,1,4),(1161,252,147,1,6),(1162,252,129,10,7),(1163,253,244,10,1),(1164,253,243,3,2),(1165,253,148,1,3),(1166,253,149,0,4),(1167,253,147,1,5),(1168,253,129,10,6),(1169,254,244,10,1),(1170,254,243,3,2),(1171,254,149,0,4),(1172,254,148,1,3),(1173,254,129,10,6),(1174,254,147,1,5),(1175,255,243,13,1),(1176,255,148,1,2),(1177,255,149,0,3),(1178,255,147,1,4),(1179,255,129,10,5),(1180,256,250,5,1),(1181,256,244,5,2),(1182,256,148,1,4),(1183,256,147,1,6),(1184,256,149,0,5),(1185,256,129,10,7),(1186,256,243,3,3),(1187,257,146,15,1),(1188,257,129,10,2),(1189,258,147,15,1),(1190,258,129,0,2),(1191,259,147,15,1),(1192,259,129,0,2),(1193,260,167,5,1),(1194,260,164,2,2),(1195,260,162,1,3),(1196,260,148,6,4),(1197,260,147,2,6),(1198,260,149,0,5),(1199,260,129,9,7),(1200,261,147,22,1),(1201,261,129,3,2),(1202,262,243,5,1),(1203,262,149,1,3),(1204,262,129,6,5),(1205,262,148,2,2),(1206,262,147,1,4),(1207,263,129,9,5),(1208,263,147,2,4),(1209,263,216,10,1),(1210,263,149,0,3),(1211,263,148,4,2),(1212,264,146,15,1),(1213,264,129,10,2),(1214,265,264,10,1),(1215,265,129,10,3),(1216,265,146,5,2),(1220,267,264,10,1),(1221,267,146,5,2),(1222,267,129,10,3),(1223,268,264,10,1),(1224,268,146,5,2),(1225,268,129,10,3),(1226,269,265,5,1),(1227,269,129,10,4),(1228,269,146,5,3),(1229,269,264,5,2),(1230,270,146,5,2),(1231,270,184,10,1),(1232,270,129,10,3),(1233,271,270,5,1),(1234,271,184,5,2),(1235,271,129,10,4),(1236,271,146,5,3),(1237,272,148,4,3),(1238,272,216,5,2),(1239,272,149,0,4),(1240,272,129,9,6),(1241,272,147,2,5),(1242,272,229,5,1),(1243,273,233,7,1),(1244,273,149,0,4),(1245,273,147,1,5),(1246,273,129,2,6),(1247,273,148,1,3),(1248,273,216,4,2),(1249,274,233,7,1),(1250,274,216,4,2),(1251,274,149,0,4),(1252,274,147,1,5),(1253,274,148,1,3),(1254,274,129,2,6),(1255,275,233,7,1),(1256,275,216,4,2),(1257,275,148,1,3),(1258,275,147,1,5),(1259,275,149,0,4),(1260,275,129,2,6),(1261,276,129,9,4),(1262,276,147,2,3),(1263,276,149,0,2),(1264,276,148,14,1),(1275,278,229,5,1),(1276,278,216,5,2),(1277,278,129,9,6),(1278,278,148,4,3),(1279,278,149,0,4),(1280,278,147,2,5),(1281,279,244,5,1),(1282,279,148,1,3),(1283,279,243,2,2),(1284,279,147,1,5),(1285,279,149,1,4),(1286,279,129,5,6),(1287,280,244,10,1),(1288,280,243,3,2),(1289,280,148,1,3),(1290,280,149,0,4),(1291,280,147,2,5),(1292,280,129,9,6),(1293,281,243,5,1),(1294,281,149,1,3),(1295,281,148,2,2),(1296,281,147,1,4),(1297,281,129,6,5),(1298,282,264,10,1),(1299,282,129,10,3),(1300,282,146,5,2),(1301,266,282,5,1),(1302,266,129,10,4),(1303,266,146,5,3),(1304,266,264,5,2);
/*!40000 ALTER TABLE `relationships` ENABLE KEYS */;
UNLOCK TABLES;

--
-- Table structure for table `userCommission`
--

DROP TABLE IF EXISTS `userCommission`;
/*!40101 SET @saved_cs_client     = @@character_set_client */;
/*!50503 SET character_set_client = utf8mb4 */;
CREATE TABLE `userCommission` (
  `id` int NOT NULL AUTO_INCREMENT,
  `downlineId` int DEFAULT NULL,
  `uplineId` int DEFAULT NULL,
  `commissionValue` decimal(10,2) DEFAULT NULL,
  `totalTradedLots` int DEFAULT NULL,
  `date` date DEFAULT NULL,
  `uplineCommissionChunk` decimal(10,2) DEFAULT NULL,
  `charged` decimal(10,2) DEFAULT NULL,
  `commissionUSD` decimal(10,2) DEFAULT NULL,
  `dispensed` decimal(10,2) DEFAULT NULL,
  PRIMARY KEY (`id`),
  KEY `downlineId` (`downlineId`),
  KEY `uplineId` (`uplineId`),
  CONSTRAINT `userCommission_ibfk_1` FOREIGN KEY (`downlineId`) REFERENCES `users` (`id`),
  CONSTRAINT `userCommission_ibfk_2` FOREIGN KEY (`uplineId`) REFERENCES `users` (`id`)
) ENGINE=InnoDB AUTO_INCREMENT=961 DEFAULT CHARSET=utf8mb4 COLLATE=utf8mb4_general_ci;
/*!40101 SET character_set_client = @saved_cs_client */;

--
-- Dumping data for table `userCommission`
--

LOCK TABLES `userCommission` WRITE;
/*!40000 ALTER TABLE `userCommission` DISABLE KEYS */;
INSERT INTO `userCommission` VALUES (53,248,148,0.25,0,'2024-03-01',1.00,25.00,6.25,25.00),(54,248,243,0.75,0,'2024-03-01',3.00,25.00,6.25,25.00),(55,248,147,0.25,0,'2024-03-01',1.00,25.00,6.25,25.00),(56,248,244,2.50,0,'2024-03-01',10.00,25.00,6.25,25.00),(57,191,184,0.70,0,'2024-03-01',5.00,25.00,3.50,25.00),(58,191,146,0.70,0,'2024-03-01',5.00,25.00,3.50,25.00),(59,248,149,0.00,0,'2024-03-01',0.00,25.00,6.25,25.00),(60,191,190,0.70,0,'2024-03-01',5.00,25.00,3.50,25.00),(61,191,129,1.40,0,'2024-03-01',10.00,25.00,3.50,25.00),(62,206,147,15.50,1,'2024-03-01',25.00,25.00,15.50,25.00),(63,248,129,2.50,0,'2024-03-01',10.00,25.00,6.25,25.00),(64,206,129,0.00,1,'2024-03-01',0.00,25.00,15.50,25.00),(65,178,170,104.60,10,'2024-03-01',10.00,25.00,261.50,25.00),(66,215,129,2.90,1,'2024-03-01',10.00,25.00,7.25,25.00),(67,207,147,88.50,4,'2024-03-01',25.00,25.00,88.50,25.00),(68,243,149,0.00,0,'2024-03-01',0.00,25.00,3.25,25.00),(69,207,129,0.00,4,'2024-03-01',0.00,25.00,88.50,25.00),(70,178,146,52.30,10,'2024-03-01',5.00,25.00,261.50,25.00),(71,178,129,104.60,10,'2024-03-01',10.00,25.00,261.50,25.00),(72,243,147,0.39,0,'2024-03-01',3.00,25.00,3.25,25.00),(73,215,147,4.35,1,'2024-03-01',15.00,25.00,7.25,25.00),(74,243,129,2.60,0,'2024-03-01',20.00,25.00,3.25,25.00),(75,150,148,5.32,1,'2024-03-01',14.00,25.00,9.50,25.00),(76,150,147,0.76,1,'2024-03-01',2.00,25.00,9.50,25.00),(77,150,149,0.00,1,'2024-03-01',0.00,25.00,9.50,25.00),(78,150,129,3.42,1,'2024-03-01',9.00,25.00,9.50,25.00),(79,255,243,7.80,1,'2024-03-01',13.00,25.00,15.00,25.00),(80,255,148,0.60,1,'2024-03-01',1.00,25.00,15.00,25.00),(81,255,149,0.00,1,'2024-03-01',0.00,25.00,15.00,25.00),(82,243,148,0.26,0,'2024-03-01',2.00,25.00,3.25,25.00),(83,255,147,0.60,1,'2024-03-01',1.00,25.00,15.00,25.00),(84,255,129,6.00,1,'2024-03-01',10.00,25.00,15.00,25.00),(85,147,129,100.95,7,'2024-03-01',15.00,25.00,168.25,15.00),(86,216,129,1.26,0,'2024-03-01',9.00,25.00,3.50,25.00),(87,216,147,1.68,0,'2024-03-01',12.00,25.00,3.50,25.00),(88,148,149,80.58,24,'2024-03-01',17.00,25.00,118.50,25.00),(89,216,148,0.56,0,'2024-03-01',4.00,25.00,3.50,25.00),(90,216,149,0.00,0,'2024-03-01',0.00,25.00,3.50,25.00),(91,148,129,28.44,24,'2024-03-01',6.00,25.00,118.50,25.00),(92,146,129,0.06,0,'2024-03-01',15.00,25.00,0.10,15.00),(93,148,147,9.48,24,'2024-03-01',2.00,25.00,118.50,25.00),(94,181,178,0.20,0,'2024-03-01',5.00,25.00,1.00,25.00),(95,181,170,0.20,0,'2024-03-01',5.00,25.00,1.00,25.00),(96,181,146,0.20,0,'2024-03-01',5.00,25.00,1.00,25.00),(97,187,184,10.70,2,'2024-03-01',5.00,25.00,53.50,25.00),(98,187,146,10.70,2,'2024-03-01',5.00,25.00,53.50,25.00),(99,187,185,10.70,2,'2024-03-01',5.00,25.00,53.50,25.00),(100,181,129,0.40,0,'2024-03-01',10.00,25.00,1.00,25.00),(101,187,129,21.40,2,'2024-03-01',10.00,25.00,53.50,25.00),(102,151,148,18.06,3,'2024-03-01',14.00,25.00,32.25,25.00),(103,151,149,0.00,3,'2024-03-01',0.00,25.00,32.25,25.00),(104,151,147,2.58,3,'2024-03-01',2.00,25.00,32.25,25.00),(105,250,149,0.00,2,'2024-03-01',0.00,25.00,10.75,25.00),(106,250,243,1.29,2,'2024-03-01',3.00,25.00,10.75,25.00),(107,250,129,4.30,2,'2024-03-01',10.00,25.00,10.75,25.00),(108,151,129,11.61,3,'2024-03-01',9.00,25.00,32.25,25.00),(109,250,244,4.30,2,'2024-03-01',10.00,25.00,10.75,25.00),(110,163,162,3.20,1,'2024-03-01',5.00,25.00,16.00,25.00),(111,250,148,0.43,2,'2024-03-01',1.00,25.00,10.75,25.00),(112,163,148,5.76,1,'2024-03-01',9.00,25.00,16.00,25.00),(113,250,147,0.43,2,'2024-03-01',1.00,25.00,10.75,25.00),(114,163,149,0.00,1,'2024-03-01',0.00,25.00,16.00,25.00),(115,163,147,1.28,1,'2024-03-01',2.00,25.00,16.00,25.00),(116,163,129,5.76,1,'2024-03-01',9.00,25.00,16.00,25.00),(117,190,146,1.00,0,'2024-03-01',5.00,25.00,5.00,25.00),(118,190,129,2.00,0,'2024-03-01',10.00,25.00,5.00,25.00),(119,190,184,2.00,0,'2024-03-01',10.00,25.00,5.00,25.00),(120,184,129,10.20,1,'2024-03-01',10.00,25.00,25.50,25.00),(121,184,146,15.30,1,'2024-03-01',15.00,25.00,25.50,25.00),(122,170,146,4.65,0,'2024-03-01',15.00,25.00,7.75,25.00),(123,170,129,3.10,0,'2024-03-01',10.00,25.00,7.75,25.00),(124,210,147,17.48,4,'2024-03-01',4.00,25.00,109.25,25.00),(125,210,129,13.11,4,'2024-03-01',3.00,25.00,109.25,25.00),(126,210,208,78.66,4,'2024-03-01',18.00,25.00,109.25,25.00),(127,229,148,0.80,1,'2024-03-01',4.00,25.00,5.00,25.00),(128,229,147,0.40,1,'2024-03-01',2.00,25.00,5.00,25.00),(129,229,216,2.00,1,'2024-03-01',10.00,25.00,5.00,25.00),(130,229,129,1.80,1,'2024-03-01',9.00,25.00,5.00,25.00),(131,162,148,25.34,7,'2024-03-01',14.00,25.00,45.25,25.00),(132,162,149,0.00,7,'2024-03-01',0.00,25.00,45.25,25.00),(133,162,147,3.62,7,'2024-03-01',2.00,25.00,45.25,25.00),(134,229,149,0.00,1,'2024-03-01',0.00,25.00,5.00,25.00),(135,152,147,2.96,3,'2024-03-01',2.00,25.00,37.00,25.00),(136,152,149,0.00,3,'2024-03-01',0.00,25.00,37.00,25.00),(137,152,129,13.32,3,'2024-03-01',9.00,25.00,37.00,25.00),(138,162,129,16.29,7,'2024-03-01',9.00,25.00,45.25,25.00),(139,152,148,20.72,3,'2024-03-01',14.00,25.00,37.00,25.00),(140,153,148,0.88,0,'2024-03-01',4.00,25.00,5.50,25.00),(141,153,147,0.44,0,'2024-03-01',2.00,25.00,5.50,25.00),(142,153,149,2.20,0,'2024-03-01',10.00,25.00,5.50,25.00),(143,153,129,1.98,0,'2024-03-01',9.00,25.00,5.50,25.00),(144,212,129,16.66,10,'2024-03-01',2.00,7.00,58.31,7.00),(145,212,147,16.66,10,'2024-03-01',2.00,7.00,58.31,7.00),(146,167,164,6.40,5,'2024-03-01',5.00,25.00,32.00,25.00),(147,167,148,8.96,5,'2024-03-01',7.00,25.00,32.00,25.00),(148,164,162,6.20,3,'2024-03-01',5.00,25.00,31.00,25.00),(149,167,149,0.00,5,'2024-03-01',0.00,25.00,32.00,25.00),(150,164,148,11.16,3,'2024-03-01',9.00,25.00,31.00,25.00),(151,164,129,11.16,3,'2024-03-01',9.00,25.00,31.00,25.00),(152,167,129,11.52,5,'2024-03-01',9.00,25.00,32.00,25.00),(153,167,162,2.56,5,'2024-03-01',2.00,25.00,32.00,25.00),(154,167,147,2.56,5,'2024-03-01',2.00,25.00,32.00,25.00),(155,164,149,0.00,3,'2024-03-01',0.00,25.00,31.00,25.00),(156,164,147,2.48,3,'2024-03-01',2.00,25.00,31.00,25.00),(157,239,233,24.96,6,'2024-03-01',4.00,25.00,156.00,25.00),(158,239,148,6.24,6,'2024-03-01',1.00,25.00,156.00,25.00),(159,239,234,24.96,6,'2024-03-01',4.00,25.00,156.00,25.00),(160,239,216,24.96,6,'2024-03-01',4.00,25.00,156.00,25.00),(161,239,147,68.64,6,'2024-03-01',11.00,25.00,156.00,25.00),(162,212,208,24.99,10,'2024-03-01',3.00,7.00,58.31,7.00),(163,239,149,0.00,6,'2024-03-01',0.00,25.00,156.00,25.00),(164,239,129,6.24,6,'2024-03-01',1.00,25.00,156.00,25.00),(165,233,216,2.70,1,'2024-03-01',10.00,15.00,4.05,15.00),(166,233,147,0.27,1,'2024-03-01',1.00,15.00,4.05,15.00),(167,233,149,0.00,1,'2024-03-01',0.00,15.00,4.05,15.00),(168,233,129,0.81,1,'2024-03-01',3.00,15.00,4.05,15.00),(169,233,148,0.27,1,'2024-03-01',1.00,15.00,4.05,15.00),(170,168,167,43.35,31,'2024-03-01',5.00,25.00,216.75,25.00),(171,168,164,17.34,31,'2024-03-01',2.00,25.00,216.75,25.00),(172,168,149,0.00,31,'2024-03-01',0.00,25.00,216.75,25.00),(173,168,147,17.34,31,'2024-03-01',2.00,25.00,216.75,25.00),(174,168,162,8.67,31,'2024-03-01',1.00,25.00,216.75,25.00),(175,168,129,78.03,31,'2024-03-01',9.00,25.00,216.75,25.00),(176,189,146,20.85,6,'2024-03-01',5.00,25.00,104.25,25.00),(177,189,184,41.70,6,'2024-03-01',10.00,25.00,104.25,25.00),(178,189,129,41.70,6,'2024-03-01',10.00,25.00,104.25,25.00),(179,168,148,52.02,31,'2024-03-01',6.00,25.00,216.75,25.00),(180,160,147,0.34,1,'2024-03-01',2.00,25.00,4.20,25.00),(181,160,149,3.19,1,'2024-03-01',19.00,25.00,4.20,25.00),(182,160,129,0.67,1,'2024-03-01',4.00,25.00,4.20,25.00),(183,157,149,0.00,18,'2024-03-01',0.00,25.00,384.50,25.00),(184,157,147,30.76,18,'2024-03-01',2.00,25.00,384.50,25.00),(185,157,129,138.42,18,'2024-03-01',9.00,25.00,384.50,25.00),(186,230,148,1.34,2,'2024-03-01',1.00,15.00,20.10,15.00),(187,230,216,13.40,2,'2024-03-01',10.00,15.00,20.10,15.00),(188,230,147,1.34,2,'2024-03-01',1.00,15.00,20.10,15.00),(189,230,129,4.02,2,'2024-03-01',3.00,15.00,20.10,15.00),(190,157,148,215.32,18,'2024-03-01',14.00,25.00,384.50,25.00),(191,230,149,0.00,2,'2024-03-01',0.00,15.00,20.10,15.00),(192,235,233,0.08,0,'2024-03-01',4.00,15.00,0.30,15.00),(193,235,148,0.02,0,'2024-03-01',1.00,15.00,0.30,15.00),(194,235,147,0.02,0,'2024-03-01',1.00,15.00,0.30,15.00),(195,235,149,0.00,0,'2024-03-01',0.00,15.00,0.30,15.00),(196,235,216,0.08,0,'2024-03-01',4.00,15.00,0.30,15.00),(197,235,234,0.08,0,'2024-03-01',4.00,15.00,0.30,15.00),(198,235,129,0.02,0,'2024-03-01',1.00,15.00,0.30,15.00),(199,236,216,60.80,14,'2024-03-01',10.00,25.00,152.00,25.00),(200,236,149,0.00,14,'2024-03-01',0.00,25.00,152.00,25.00),(201,236,148,24.32,14,'2024-03-01',4.00,25.00,152.00,25.00),(202,236,129,54.72,14,'2024-03-01',9.00,25.00,152.00,25.00),(203,218,147,22.30,5,'2024-03-01',5.00,25.00,111.50,25.00),(204,236,147,12.16,14,'2024-03-01',2.00,25.00,152.00,25.00),(205,218,215,22.30,5,'2024-03-01',5.00,25.00,111.50,25.00),(206,218,129,44.60,5,'2024-03-01',10.00,25.00,111.50,25.00),(207,218,217,22.30,5,'2024-03-01',5.00,25.00,111.50,25.00),(208,174,170,0.20,0,'2024-03-01',10.00,25.00,0.49,25.00),(209,174,129,0.20,0,'2024-03-01',10.00,25.00,0.49,25.00),(210,174,146,0.10,0,'2024-03-01',5.00,25.00,0.49,25.00),(211,165,162,2.64,3,'2024-03-01',2.00,25.00,33.00,25.00),(212,165,164,6.60,3,'2024-03-01',5.00,25.00,33.00,25.00),(213,165,149,0.00,3,'2024-03-01',0.00,25.00,33.00,25.00),(214,165,147,2.64,3,'2024-03-01',2.00,25.00,33.00,25.00),(215,165,148,9.24,3,'2024-03-01',7.00,25.00,33.00,25.00),(216,165,129,11.88,3,'2024-03-01',9.00,25.00,33.00,25.00),(217,176,170,46.80,28,'2024-03-01',5.00,25.00,234.00,25.00),(218,176,146,46.80,28,'2024-03-01',5.00,25.00,234.00,25.00),(219,161,149,27.26,10,'2024-03-01',8.00,25.00,85.20,25.00),(220,161,160,34.08,10,'2024-03-01',10.00,25.00,85.20,25.00),(221,161,129,10.22,10,'2024-03-01',3.00,25.00,85.20,25.00),(222,176,129,93.60,28,'2024-03-01',10.00,25.00,234.00,25.00),(223,172,170,17.90,9,'2024-03-01',10.00,25.00,44.75,25.00),(224,176,174,46.80,28,'2024-03-01',5.00,25.00,234.00,25.00),(225,161,147,13.63,10,'2024-03-01',4.00,25.00,85.20,25.00),(226,172,146,8.95,9,'2024-03-01',5.00,25.00,44.75,25.00),(227,172,129,17.90,9,'2024-03-01',10.00,25.00,44.75,25.00),(228,231,148,2.12,1,'2024-03-01',4.00,25.00,13.25,25.00),(229,231,129,4.77,1,'2024-03-01',9.00,25.00,13.25,25.00),(230,231,149,0.00,1,'2024-03-01',0.00,25.00,13.25,25.00),(231,231,230,2.65,1,'2024-03-01',5.00,25.00,13.25,25.00),(232,231,216,2.65,1,'2024-03-01',5.00,25.00,13.25,25.00),(233,231,147,1.06,1,'2024-03-01',2.00,25.00,13.25,25.00),(234,232,216,5.70,1,'2024-03-01',10.00,25.00,14.25,25.00),(235,232,148,2.28,1,'2024-03-01',4.00,25.00,14.25,25.00),(236,232,149,0.00,1,'2024-03-01',0.00,25.00,14.25,25.00),(237,232,147,1.14,1,'2024-03-01',2.00,25.00,14.25,25.00),(238,232,129,5.13,1,'2024-03-01',9.00,25.00,14.25,25.00),(239,159,150,0.20,0,'2024-03-01',5.00,25.00,1.00,25.00),(240,159,149,0.00,0,'2024-03-01',0.00,25.00,1.00,25.00),(241,159,147,0.08,0,'2024-03-01',2.00,25.00,1.00,25.00),(242,159,129,0.36,0,'2024-03-01',9.00,25.00,1.00,25.00),(243,159,148,0.36,0,'2024-03-01',9.00,25.00,1.00,25.00),(244,171,129,75.70,9,'2024-03-01',10.00,25.00,189.25,25.00),(245,171,146,37.85,9,'2024-03-01',5.00,25.00,189.25,25.00),(246,171,170,75.70,9,'2024-03-01',10.00,25.00,189.25,25.00),(247,177,176,20.05,5,'2024-03-01',5.00,25.00,100.25,25.00),(248,177,170,12.03,5,'2024-03-01',3.00,25.00,100.25,25.00),(249,177,146,20.05,5,'2024-03-01',5.00,25.00,100.25,25.00),(250,205,204,23.40,2,'2024-03-01',15.00,25.00,39.00,25.00),(251,177,129,40.10,5,'2024-03-01',10.00,25.00,100.25,25.00),(252,205,129,4.68,2,'2024-03-01',3.00,25.00,39.00,25.00),(253,205,146,10.92,2,'2024-03-01',7.00,25.00,39.00,25.00),(254,249,244,18.50,2,'2024-03-01',10.00,25.00,46.25,25.00),(255,177,174,8.02,5,'2024-03-01',2.00,25.00,100.25,25.00),(256,249,149,0.00,2,'2024-03-01',0.00,25.00,46.25,25.00),(257,249,148,1.85,2,'2024-03-01',1.00,25.00,46.25,25.00),(258,249,243,5.55,2,'2024-03-01',3.00,25.00,46.25,25.00),(259,249,147,1.85,2,'2024-03-01',1.00,25.00,46.25,25.00),(260,249,129,18.50,2,'2024-03-01',10.00,25.00,46.25,25.00),(261,188,185,3.54,3,'2024-03-01',2.00,25.00,44.25,25.00),(262,188,129,17.70,3,'2024-03-01',10.00,25.00,44.25,25.00),(263,188,146,8.85,3,'2024-03-01',5.00,25.00,44.25,25.00),(264,188,184,5.31,3,'2024-03-01',3.00,25.00,44.25,25.00),(265,169,167,62.36,35,'2024-03-01',2.00,25.00,779.50,25.00),(266,188,187,8.85,3,'2024-03-01',5.00,25.00,44.25,25.00),(267,169,148,155.90,35,'2024-03-01',5.00,25.00,779.50,25.00),(268,169,147,62.36,35,'2024-03-01',2.00,25.00,779.50,25.00),(269,169,129,280.62,35,'2024-03-01',9.00,25.00,779.50,25.00),(270,169,162,31.18,35,'2024-03-01',1.00,25.00,779.50,25.00),(271,169,164,31.18,35,'2024-03-01',1.00,25.00,779.50,25.00),(272,169,149,0.00,35,'2024-03-01',0.00,25.00,779.50,25.00),(273,214,129,10.59,11,'2024-03-01',1.00,10.00,105.90,10.00),(274,169,168,155.90,35,'2024-03-01',5.00,25.00,779.50,25.00),(275,214,208,74.13,11,'2024-03-01',7.00,10.00,105.90,10.00),(276,214,147,21.18,11,'2024-03-01',2.00,10.00,105.90,10.00),(277,241,204,0.75,0,'2024-03-01',15.00,20.00,1.00,20.00),(278,241,146,0.15,0,'2024-03-01',3.00,20.00,1.00,20.00),(279,241,129,0.10,0,'2024-03-01',2.00,20.00,1.00,20.00),(280,146,129,9.90,2,'2024-03-09',15.00,25.00,16.50,15.00),(281,191,146,3.50,1,'2024-03-09',5.00,25.00,17.50,25.00),(282,191,184,3.50,1,'2024-03-09',5.00,25.00,17.50,25.00),(283,248,243,0.81,1,'2024-03-09',3.00,25.00,6.75,25.00),(284,248,148,0.27,1,'2024-03-09',1.00,25.00,6.75,25.00),(285,248,149,0.00,1,'2024-03-09',0.00,25.00,6.75,25.00),(286,248,147,0.27,1,'2024-03-09',1.00,25.00,6.75,25.00),(287,191,129,7.00,1,'2024-03-09',10.00,25.00,17.50,25.00),(288,191,190,3.50,1,'2024-03-09',5.00,25.00,17.50,25.00),(289,248,129,2.70,1,'2024-03-09',10.00,25.00,6.75,25.00),(290,248,244,2.70,1,'2024-03-09',10.00,25.00,6.75,25.00),(291,187,184,1.60,0,'2024-03-09',5.00,25.00,8.00,25.00),(292,187,129,3.20,0,'2024-03-09',10.00,25.00,8.00,25.00),(293,150,147,0.08,0,'2024-03-09',2.00,25.00,1.00,25.00),(294,150,129,0.36,0,'2024-03-09',9.00,25.00,1.00,25.00),(295,187,146,1.60,0,'2024-03-09',5.00,25.00,8.00,25.00),(296,187,185,1.60,0,'2024-03-09',5.00,25.00,8.00,25.00),(297,150,148,0.56,0,'2024-03-09',14.00,25.00,1.00,25.00),(298,150,149,0.00,0,'2024-03-09',0.00,25.00,1.00,25.00),(299,147,129,6.15,0,'2024-03-09',15.00,25.00,10.25,15.00),(300,250,149,0.00,1,'2024-03-09',0.00,25.00,7.25,25.00),(301,250,243,0.87,1,'2024-03-09',3.00,25.00,7.25,25.00),(302,190,184,0.80,0,'2024-03-09',10.00,25.00,2.00,25.00),(303,250,129,2.90,1,'2024-03-09',10.00,25.00,7.25,25.00),(304,215,147,7.05,2,'2024-03-09',15.00,25.00,11.75,25.00),(305,250,244,2.90,1,'2024-03-09',10.00,25.00,7.25,25.00),(306,190,146,0.40,0,'2024-03-09',5.00,25.00,2.00,25.00),(307,190,129,0.80,0,'2024-03-09',10.00,25.00,2.00,25.00),(308,250,148,0.29,1,'2024-03-09',1.00,25.00,7.25,25.00),(309,250,147,0.29,1,'2024-03-09',1.00,25.00,7.25,25.00),(310,215,129,4.70,2,'2024-03-09',10.00,25.00,11.75,25.00),(311,170,146,1.80,0,'2024-03-09',15.00,25.00,3.00,25.00),(312,206,147,24.75,1,'2024-03-09',25.00,25.00,24.75,25.00),(313,170,129,1.20,0,'2024-03-09',10.00,25.00,3.00,25.00),(314,212,129,29.70,15,'2024-03-09',2.00,7.00,103.95,7.00),(315,206,129,0.00,1,'2024-03-09',0.00,25.00,24.75,25.00),(316,178,129,62.80,6,'2024-03-09',10.00,25.00,157.00,25.00),(317,212,147,29.70,15,'2024-03-09',2.00,7.00,103.95,7.00),(318,178,170,62.80,6,'2024-03-09',10.00,25.00,157.00,25.00),(319,178,146,31.40,6,'2024-03-09',5.00,25.00,157.00,25.00),(320,152,147,0.42,2,'2024-03-09',2.00,25.00,5.25,25.00),(321,212,208,44.55,15,'2024-03-09',3.00,7.00,103.95,7.00),(322,152,149,0.00,2,'2024-03-09',0.00,25.00,5.25,25.00),(323,152,129,1.89,2,'2024-03-09',9.00,25.00,5.25,25.00),(324,152,148,2.94,2,'2024-03-09',14.00,25.00,5.25,25.00),(325,219,146,9.50,2,'2024-03-09',5.00,25.00,47.50,25.00),(326,219,184,19.00,2,'2024-03-09',10.00,25.00,47.50,25.00),(327,219,129,19.00,2,'2024-03-09',10.00,25.00,47.50,25.00),(328,151,149,0.00,2,'2024-03-09',0.00,25.00,28.25,25.00),(329,151,148,15.82,2,'2024-03-09',14.00,25.00,28.25,25.00),(330,151,147,2.26,2,'2024-03-09',2.00,25.00,28.25,25.00),(331,151,129,10.17,2,'2024-03-09',9.00,25.00,28.25,25.00),(332,162,148,17.22,7,'2024-03-09',14.00,25.00,30.75,25.00),(333,162,147,2.46,7,'2024-03-09',2.00,25.00,30.75,25.00),(334,210,147,10.92,3,'2024-03-09',4.00,25.00,68.25,25.00),(335,210,129,8.19,3,'2024-03-09',3.00,25.00,68.25,25.00),(336,162,149,0.00,7,'2024-03-09',0.00,25.00,30.75,25.00),(337,210,208,49.14,3,'2024-03-09',18.00,25.00,68.25,25.00),(338,162,129,11.07,7,'2024-03-09',9.00,25.00,30.75,25.00),(339,207,147,28.00,1,'2024-03-09',25.00,25.00,28.00,25.00),(340,207,129,0.00,1,'2024-03-09',0.00,25.00,28.00,25.00),(341,148,149,132.43,48,'2024-03-09',17.00,25.00,194.75,25.00),(342,148,147,15.58,48,'2024-03-09',2.00,25.00,194.75,25.00),(343,148,129,46.74,48,'2024-03-09',6.00,25.00,194.75,25.00),(344,184,129,1.80,0,'2024-03-09',10.00,25.00,4.50,25.00),(345,184,146,2.70,0,'2024-03-09',15.00,25.00,4.50,25.00),(346,164,129,2.25,1,'2024-03-09',9.00,25.00,6.25,25.00),(347,164,147,0.50,1,'2024-03-09',2.00,25.00,6.25,25.00),(348,164,162,1.25,1,'2024-03-09',5.00,25.00,6.25,25.00),(349,164,148,2.25,1,'2024-03-09',9.00,25.00,6.25,25.00),(350,164,149,0.00,1,'2024-03-09',0.00,25.00,6.25,25.00),(351,153,148,1.08,1,'2024-03-09',4.00,25.00,6.75,25.00),(352,153,149,2.70,1,'2024-03-09',10.00,25.00,6.75,25.00),(353,153,129,2.43,1,'2024-03-09',9.00,25.00,6.75,25.00),(354,174,170,0.17,0,'2024-03-09',10.00,25.00,0.42,25.00),(355,153,147,0.54,1,'2024-03-09',2.00,25.00,6.75,25.00),(356,185,184,0.10,0,'2024-03-09',10.00,25.00,0.25,25.00),(357,174,146,0.08,0,'2024-03-09',5.00,25.00,0.42,25.00),(358,185,146,0.05,0,'2024-03-09',5.00,25.00,0.25,25.00),(359,185,129,0.10,0,'2024-03-09',10.00,25.00,0.25,25.00),(360,167,164,6.50,8,'2024-03-09',5.00,25.00,32.50,25.00),(361,174,129,0.17,0,'2024-03-09',10.00,25.00,0.42,25.00),(362,167,162,2.60,8,'2024-03-09',2.00,25.00,32.50,25.00),(363,167,147,2.60,8,'2024-03-09',2.00,25.00,32.50,25.00),(364,167,148,9.10,8,'2024-03-09',7.00,25.00,32.50,25.00),(365,167,129,11.70,8,'2024-03-09',9.00,25.00,32.50,25.00),(366,168,164,26.10,36,'2024-03-09',2.00,25.00,326.25,25.00),(367,167,149,0.00,8,'2024-03-09',0.00,25.00,32.50,25.00),(368,168,167,65.25,36,'2024-03-09',5.00,25.00,326.25,25.00),(369,168,162,13.05,36,'2024-03-09',1.00,25.00,326.25,25.00),(370,168,149,0.00,36,'2024-03-09',0.00,25.00,326.25,25.00),(371,168,129,117.45,36,'2024-03-09',9.00,25.00,326.25,25.00),(372,168,147,26.10,36,'2024-03-09',2.00,25.00,326.25,25.00),(373,239,234,18.76,5,'2024-03-09',4.00,25.00,117.25,25.00),(374,168,148,78.30,36,'2024-03-09',6.00,25.00,326.25,25.00),(375,239,233,18.76,5,'2024-03-09',4.00,25.00,117.25,25.00),(376,239,148,4.69,5,'2024-03-09',1.00,25.00,117.25,25.00),(377,239,216,18.76,5,'2024-03-09',4.00,25.00,117.25,25.00),(378,239,147,4.69,5,'2024-03-09',1.00,25.00,117.25,25.00),(379,239,129,51.59,5,'2024-03-09',11.00,25.00,117.25,25.00),(380,160,147,0.93,2,'2024-03-09',2.00,25.00,11.62,25.00),(381,160,149,8.83,2,'2024-03-09',19.00,25.00,11.62,25.00),(382,160,129,1.86,2,'2024-03-09',4.00,25.00,11.62,25.00),(383,189,146,17.90,8,'2024-03-09',5.00,25.00,89.50,25.00),(384,239,149,0.00,5,'2024-03-09',0.00,25.00,117.25,25.00),(385,189,184,35.80,8,'2024-03-09',10.00,25.00,89.50,25.00),(386,189,129,35.80,8,'2024-03-09',10.00,25.00,89.50,25.00),(387,233,216,2.20,0,'2024-03-09',10.00,15.00,3.30,15.00),(388,233,148,0.22,0,'2024-03-09',1.00,15.00,3.30,15.00),(389,233,147,0.22,0,'2024-03-09',1.00,15.00,3.30,15.00),(390,230,216,8.50,4,'2024-03-09',10.00,15.00,12.75,15.00),(391,230,148,0.85,4,'2024-03-09',1.00,15.00,12.75,15.00),(392,230,149,0.00,4,'2024-03-09',0.00,15.00,12.75,15.00),(393,233,129,0.66,0,'2024-03-09',3.00,15.00,3.30,15.00),(394,230,147,0.85,4,'2024-03-09',1.00,15.00,12.75,15.00),(395,230,129,2.55,4,'2024-03-09',3.00,15.00,12.75,15.00),(396,235,233,0.32,0,'2024-03-09',4.00,15.00,1.20,15.00),(397,233,149,0.00,0,'2024-03-09',0.00,15.00,3.30,15.00),(398,235,147,0.08,0,'2024-03-09',1.00,15.00,1.20,15.00),(399,235,148,0.08,0,'2024-03-09',1.00,15.00,1.20,15.00),(400,235,149,0.00,0,'2024-03-09',0.00,15.00,1.20,15.00),(401,235,216,0.32,0,'2024-03-09',4.00,15.00,1.20,15.00),(402,235,129,0.08,0,'2024-03-09',1.00,15.00,1.20,15.00),(403,235,234,0.32,0,'2024-03-09',4.00,15.00,1.20,15.00),(404,161,149,78.62,22,'2024-03-09',8.00,25.00,245.70,25.00),(405,161,160,98.28,22,'2024-03-09',10.00,25.00,245.70,25.00),(406,161,147,39.31,22,'2024-03-09',4.00,25.00,245.70,25.00),(407,165,164,14.50,28,'2024-03-09',5.00,25.00,72.50,25.00),(408,161,129,29.48,22,'2024-03-09',3.00,25.00,245.70,25.00),(409,165,162,5.80,28,'2024-03-09',2.00,25.00,72.50,25.00),(410,165,148,20.30,28,'2024-03-09',7.00,25.00,72.50,25.00),(411,165,149,0.00,28,'2024-03-09',0.00,25.00,72.50,25.00),(412,165,147,5.80,28,'2024-03-09',2.00,25.00,72.50,25.00),(413,165,129,26.10,28,'2024-03-09',9.00,25.00,72.50,25.00),(414,257,129,4.53,2,'2024-03-09',3.00,25.00,37.75,25.00),(415,188,185,0.30,0,'2024-03-09',2.00,25.00,3.75,25.00),(416,188,187,0.75,0,'2024-03-09',5.00,25.00,3.75,25.00),(417,257,146,33.22,2,'2024-03-09',22.00,25.00,37.75,25.00),(418,188,146,0.75,0,'2024-03-09',5.00,25.00,3.75,25.00),(419,188,129,1.50,0,'2024-03-09',10.00,25.00,3.75,25.00),(420,188,184,0.45,0,'2024-03-09',3.00,25.00,3.75,25.00),(421,218,147,25.15,6,'2024-03-09',5.00,25.00,125.75,25.00),(422,218,215,25.15,6,'2024-03-09',5.00,25.00,125.75,25.00),(423,218,217,25.15,6,'2024-03-09',5.00,25.00,125.75,25.00),(424,218,129,50.30,6,'2024-03-09',10.00,25.00,125.75,25.00),(425,234,233,0.88,0,'2024-03-09',4.00,15.00,3.30,15.00),(426,234,216,0.88,0,'2024-03-09',4.00,15.00,3.30,15.00),(427,234,148,0.22,0,'2024-03-09',1.00,15.00,3.30,15.00),(428,234,149,0.00,0,'2024-03-09',0.00,15.00,3.30,15.00),(429,254,244,5.80,1,'2024-03-09',10.00,25.00,14.50,25.00),(430,234,129,0.44,0,'2024-03-09',2.00,15.00,3.30,15.00),(431,254,243,1.74,1,'2024-03-09',3.00,25.00,14.50,25.00),(432,234,147,0.88,0,'2024-03-09',4.00,15.00,3.30,15.00),(433,254,149,0.00,1,'2024-03-09',0.00,25.00,14.50,25.00),(434,254,148,0.58,1,'2024-03-09',1.00,25.00,14.50,25.00),(435,254,129,5.80,1,'2024-03-09',10.00,25.00,14.50,25.00),(436,254,147,0.58,1,'2024-03-09',1.00,25.00,14.50,25.00),(437,232,148,0.28,0,'2024-03-09',4.00,25.00,1.75,25.00),(438,232,149,0.00,0,'2024-03-09',0.00,25.00,1.75,25.00),(439,232,147,0.14,0,'2024-03-09',2.00,25.00,1.75,25.00),(440,232,129,0.63,0,'2024-03-09',9.00,25.00,1.75,25.00),(441,159,150,0.10,0,'2024-03-09',5.00,25.00,0.50,25.00),(442,232,216,0.70,0,'2024-03-09',10.00,25.00,1.75,25.00),(443,159,148,0.18,0,'2024-03-09',9.00,25.00,0.50,25.00),(444,159,149,0.00,0,'2024-03-09',0.00,25.00,0.50,25.00),(445,159,129,0.18,0,'2024-03-09',9.00,25.00,0.50,25.00),(446,159,147,0.04,0,'2024-03-09',2.00,25.00,0.50,25.00),(447,171,146,14.50,16,'2024-03-09',5.00,25.00,72.50,25.00),(448,171,129,29.00,16,'2024-03-09',10.00,25.00,72.50,25.00),(449,171,170,29.00,16,'2024-03-09',10.00,25.00,72.50,25.00),(450,249,149,0.00,2,'2024-03-09',0.00,25.00,39.75,25.00),(451,249,243,4.77,2,'2024-03-09',3.00,25.00,39.75,25.00),(452,249,244,15.90,2,'2024-03-09',10.00,25.00,39.75,25.00),(453,249,148,1.59,2,'2024-03-09',1.00,25.00,39.75,25.00),(454,249,147,1.59,2,'2024-03-09',1.00,25.00,39.75,25.00),(455,249,129,15.90,2,'2024-03-09',10.00,25.00,39.75,25.00),(456,204,146,0.57,0,'2024-03-09',3.00,25.00,4.75,25.00),(457,204,129,4.18,0,'2024-03-09',22.00,25.00,4.75,25.00),(458,172,146,3.25,2,'2024-03-09',5.00,25.00,16.25,25.00),(459,172,129,6.50,2,'2024-03-09',10.00,25.00,16.25,25.00),(460,172,170,6.50,2,'2024-03-09',10.00,25.00,16.25,25.00),(461,236,216,32.10,10,'2024-03-09',10.00,25.00,80.25,25.00),(462,236,148,12.84,10,'2024-03-09',4.00,25.00,80.25,25.00),(463,236,149,0.00,10,'2024-03-09',0.00,25.00,80.25,25.00),(464,236,147,6.42,10,'2024-03-09',2.00,25.00,80.25,25.00),(465,205,204,6.00,0,'2024-03-09',15.00,25.00,10.00,25.00),(466,236,129,28.89,10,'2024-03-09',9.00,25.00,80.25,25.00),(467,205,146,2.80,0,'2024-03-09',7.00,25.00,10.00,25.00),(468,205,129,1.20,0,'2024-03-09',3.00,25.00,10.00,25.00),(469,241,146,0.76,0,'2024-03-09',3.00,20.00,5.05,20.00),(470,241,129,0.51,0,'2024-03-09',2.00,20.00,5.05,20.00),(471,241,204,3.79,0,'2024-03-09',15.00,20.00,5.05,20.00),(472,169,167,36.08,32,'2024-03-09',2.00,25.00,451.00,25.00),(473,169,147,36.08,32,'2024-03-09',2.00,25.00,451.00,25.00),(474,169,129,162.36,32,'2024-03-09',9.00,25.00,451.00,25.00),(475,169,148,90.20,32,'2024-03-09',5.00,25.00,451.00,25.00),(476,169,168,90.20,32,'2024-03-09',5.00,25.00,451.00,25.00),(477,169,162,18.04,32,'2024-03-09',1.00,25.00,451.00,25.00),(478,169,164,18.04,32,'2024-03-09',1.00,25.00,451.00,25.00),(479,169,149,0.00,32,'2024-03-09',0.00,25.00,451.00,25.00),(480,237,148,14.28,7,'2024-03-09',4.00,25.00,89.25,25.00),(481,237,216,35.70,7,'2024-03-09',10.00,25.00,89.25,25.00),(482,237,149,0.00,7,'2024-03-09',0.00,25.00,89.25,25.00),(483,237,129,32.13,7,'2024-03-09',9.00,25.00,89.25,25.00),(484,258,147,0.15,0,'2024-03-09',15.00,15.00,0.15,15.00),(485,237,147,7.14,7,'2024-03-09',2.00,25.00,89.25,25.00),(486,258,129,0.00,0,'2024-03-09',0.00,15.00,0.15,15.00),(487,176,170,28.30,19,'2024-03-09',5.00,25.00,141.50,25.00),(488,176,129,56.60,19,'2024-03-09',10.00,25.00,141.50,25.00),(489,176,146,28.30,19,'2024-03-09',5.00,25.00,141.50,25.00),(490,176,174,28.30,19,'2024-03-09',5.00,25.00,141.50,25.00),(491,214,208,92.82,13,'2024-03-09',7.00,10.00,132.60,10.00),(492,214,147,26.52,13,'2024-03-09',2.00,10.00,132.60,10.00),(493,259,147,18.30,2,'2024-03-09',15.00,15.00,18.30,15.00),(494,259,129,0.00,2,'2024-03-09',0.00,15.00,18.30,15.00),(495,256,250,19.60,4,'2024-03-09',5.00,25.00,98.00,25.00),(496,214,129,13.26,13,'2024-03-09',1.00,10.00,132.60,10.00),(497,256,244,19.60,4,'2024-03-09',5.00,25.00,98.00,25.00),(498,256,147,3.92,4,'2024-03-09',1.00,25.00,98.00,25.00),(499,256,149,0.00,4,'2024-03-09',0.00,25.00,98.00,25.00),(500,256,129,39.20,4,'2024-03-09',10.00,25.00,98.00,25.00),(501,256,243,11.76,4,'2024-03-09',3.00,25.00,98.00,25.00),(502,260,167,9.25,15,'2024-03-09',5.00,25.00,46.25,25.00),(503,256,148,3.92,4,'2024-03-09',1.00,25.00,98.00,25.00),(504,260,164,3.70,15,'2024-03-09',2.00,25.00,46.25,25.00),(505,260,162,1.85,15,'2024-03-09',1.00,25.00,46.25,25.00),(506,260,148,11.10,15,'2024-03-09',6.00,25.00,46.25,25.00),(507,260,149,0.00,15,'2024-03-09',0.00,25.00,46.25,25.00),(508,247,243,2.60,0,'2024-03-09',13.00,25.00,5.00,25.00),(509,260,129,16.65,15,'2024-03-09',9.00,25.00,46.25,25.00),(510,260,147,3.70,15,'2024-03-09',2.00,25.00,46.25,25.00),(511,247,148,0.20,0,'2024-03-09',1.00,25.00,5.00,25.00),(512,247,149,0.00,0,'2024-03-09',0.00,25.00,5.00,25.00),(513,247,147,0.20,0,'2024-03-09',1.00,25.00,5.00,25.00),(514,247,129,2.00,0,'2024-03-09',10.00,25.00,5.00,25.00),(515,206,147,19.35,2,'2024-03-16',25.00,25.00,19.35,25.00),(516,148,147,19.46,54,'2024-03-16',2.00,25.00,243.25,25.00),(517,191,184,1.15,0,'2024-03-16',5.00,25.00,5.75,25.00),(518,215,147,8.10,3,'2024-03-16',15.00,25.00,13.50,25.00),(519,148,129,58.38,54,'2024-03-16',6.00,25.00,243.25,25.00),(520,148,149,165.41,54,'2024-03-16',17.00,25.00,243.25,25.00),(521,207,147,6.30,0,'2024-03-16',25.00,25.00,6.30,25.00),(522,215,129,5.40,3,'2024-03-16',10.00,25.00,13.50,25.00),(523,207,129,0.00,0,'2024-03-16',0.00,25.00,6.30,25.00),(524,206,129,0.00,2,'2024-03-16',0.00,25.00,19.35,25.00),(525,191,146,1.15,0,'2024-03-16',5.00,25.00,5.75,25.00),(526,191,129,2.30,0,'2024-03-16',10.00,25.00,5.75,25.00),(527,191,190,1.15,0,'2024-03-16',5.00,25.00,5.75,25.00),(528,178,146,8.10,2,'2024-03-16',5.00,25.00,40.50,25.00),(529,178,170,16.20,2,'2024-03-16',10.00,25.00,40.50,25.00),(530,178,129,16.20,2,'2024-03-16',10.00,25.00,40.50,25.00),(531,181,178,107.15,30,'2024-03-16',5.00,25.00,535.75,25.00),(532,181,146,107.15,30,'2024-03-16',5.00,25.00,535.75,25.00),(533,181,170,107.15,30,'2024-03-16',5.00,25.00,535.75,25.00),(534,181,129,214.30,30,'2024-03-16',10.00,25.00,535.75,25.00),(535,184,129,4.40,0,'2024-03-16',10.00,25.00,11.00,25.00),(536,184,146,6.60,0,'2024-03-16',15.00,25.00,11.00,25.00),(537,151,148,22.68,10,'2024-03-16',14.00,25.00,40.50,25.00),(538,151,149,0.00,10,'2024-03-16',0.00,25.00,40.50,25.00),(539,151,147,3.24,10,'2024-03-16',2.00,25.00,40.50,25.00),(540,151,129,14.58,10,'2024-03-16',9.00,25.00,40.50,25.00),(541,187,184,1.10,0,'2024-03-16',5.00,25.00,5.50,25.00),(542,187,146,1.10,0,'2024-03-16',5.00,25.00,5.50,25.00),(543,185,184,3.30,1,'2024-03-16',10.00,25.00,8.25,25.00),(544,187,129,2.20,0,'2024-03-16',10.00,25.00,5.50,25.00),(545,187,185,1.10,0,'2024-03-16',5.00,25.00,5.50,25.00),(546,185,146,1.65,1,'2024-03-16',5.00,25.00,8.25,25.00),(547,185,129,3.30,1,'2024-03-16',10.00,25.00,8.25,25.00),(548,250,243,0.93,3,'2024-03-16',3.00,25.00,7.75,25.00),(549,250,148,0.31,3,'2024-03-16',1.00,25.00,7.75,25.00),(550,250,129,3.10,3,'2024-03-16',10.00,25.00,7.75,25.00),(551,250,149,0.00,3,'2024-03-16',0.00,25.00,7.75,25.00),(552,250,147,0.31,3,'2024-03-16',1.00,25.00,7.75,25.00),(553,250,244,3.10,3,'2024-03-16',10.00,25.00,7.75,25.00),(554,219,146,12.85,3,'2024-03-16',5.00,25.00,64.25,25.00),(555,219,184,25.70,3,'2024-03-16',10.00,25.00,64.25,25.00),(556,219,129,25.70,3,'2024-03-16',10.00,25.00,64.25,25.00),(557,152,147,0.02,0,'2024-03-16',2.00,25.00,0.25,25.00),(558,152,149,0.00,0,'2024-03-16',0.00,25.00,0.25,25.00),(559,152,129,0.09,0,'2024-03-16',9.00,25.00,0.25,25.00),(560,152,148,0.14,0,'2024-03-16',14.00,25.00,0.25,25.00),(561,162,149,0.00,10,'2024-03-16',0.00,25.00,33.00,25.00),(562,162,148,18.48,10,'2024-03-16',14.00,25.00,33.00,25.00),(563,162,147,2.64,10,'2024-03-16',2.00,25.00,33.00,25.00),(564,162,129,11.88,10,'2024-03-16',9.00,25.00,33.00,25.00),(565,212,147,7.46,4,'2024-03-16',2.00,7.00,26.11,7.00),(566,212,129,3.73,4,'2024-03-16',1.00,7.00,26.11,7.00),(567,164,162,1.70,1,'2024-03-16',5.00,25.00,8.50,25.00),(568,212,208,14.92,4,'2024-03-16',4.00,7.00,26.11,7.00),(569,164,148,3.06,1,'2024-03-16',9.00,25.00,8.50,25.00),(570,164,129,3.06,1,'2024-03-16',9.00,25.00,8.50,25.00),(571,164,147,0.68,1,'2024-03-16',2.00,25.00,8.50,25.00),(572,174,170,0.67,0,'2024-03-16',10.00,25.00,1.68,25.00),(573,174,129,0.67,0,'2024-03-16',10.00,25.00,1.68,25.00),(574,164,149,0.00,1,'2024-03-16',0.00,25.00,8.50,25.00),(575,174,146,0.34,0,'2024-03-16',5.00,25.00,1.68,25.00),(576,153,148,3.00,4,'2024-03-16',4.00,25.00,18.75,25.00),(577,153,147,1.50,4,'2024-03-16',2.00,25.00,18.75,25.00),(578,153,149,7.50,4,'2024-03-16',10.00,25.00,18.75,25.00),(579,239,234,3.00,1,'2024-03-16',4.00,25.00,18.75,25.00),(580,153,129,6.75,4,'2024-03-16',9.00,25.00,18.75,25.00),(581,239,148,0.75,1,'2024-03-16',1.00,25.00,18.75,25.00),(582,239,216,3.00,1,'2024-03-16',4.00,25.00,18.75,25.00),(583,239,233,3.00,1,'2024-03-16',4.00,25.00,18.75,25.00),(584,239,147,0.75,1,'2024-03-16',1.00,25.00,18.75,25.00),(585,239,129,8.25,1,'2024-03-16',11.00,25.00,18.75,25.00),(586,239,149,0.00,1,'2024-03-16',0.00,25.00,18.75,25.00),(587,210,147,5.12,1,'2024-03-16',4.00,25.00,32.00,25.00),(588,210,129,3.84,1,'2024-03-16',3.00,25.00,32.00,25.00),(589,210,208,23.04,1,'2024-03-16',18.00,25.00,32.00,25.00),(590,230,216,5.10,2,'2024-03-16',10.00,15.00,7.65,15.00),(591,230,149,0.00,2,'2024-03-16',0.00,15.00,7.65,15.00),(592,230,148,0.51,2,'2024-03-16',1.00,15.00,7.65,15.00),(593,230,147,0.51,2,'2024-03-16',1.00,15.00,7.65,15.00),(594,230,129,1.53,2,'2024-03-16',3.00,15.00,7.65,15.00),(595,257,146,21.78,1,'2024-03-16',22.00,25.00,24.75,25.00),(596,257,129,2.97,1,'2024-03-16',3.00,25.00,24.75,25.00),(597,167,164,15.75,22,'2024-03-16',5.00,25.00,78.75,25.00),(598,167,162,6.30,22,'2024-03-16',2.00,25.00,78.75,25.00),(599,167,147,6.30,22,'2024-03-16',2.00,25.00,78.75,25.00),(600,167,148,22.05,22,'2024-03-16',7.00,25.00,78.75,25.00),(601,167,149,0.00,22,'2024-03-16',0.00,25.00,78.75,25.00),(602,167,129,28.35,22,'2024-03-16',9.00,25.00,78.75,25.00),(603,161,149,36.10,15,'2024-03-16',8.00,25.00,112.80,25.00),(604,161,160,45.12,15,'2024-03-16',10.00,25.00,112.80,25.00),(605,161,147,18.05,15,'2024-03-16',4.00,25.00,112.80,25.00),(606,161,129,13.54,15,'2024-03-16',3.00,25.00,112.80,25.00),(607,157,148,97.02,10,'2024-03-16',14.00,25.00,173.25,25.00),(608,157,149,0.00,10,'2024-03-16',0.00,25.00,173.25,25.00),(609,157,129,62.37,10,'2024-03-16',9.00,25.00,173.25,25.00),(610,157,147,13.86,10,'2024-03-16',2.00,25.00,173.25,25.00),(611,189,146,15.15,13,'2024-03-16',5.00,25.00,75.75,25.00),(612,189,184,30.30,13,'2024-03-16',10.00,25.00,75.75,25.00),(613,189,129,30.30,13,'2024-03-16',10.00,25.00,75.75,25.00),(614,165,162,7.54,20,'2024-03-16',2.00,25.00,94.25,25.00),(615,165,148,26.39,20,'2024-03-16',7.00,25.00,94.25,25.00),(616,165,164,18.85,20,'2024-03-16',5.00,25.00,94.25,25.00),(617,165,147,7.54,20,'2024-03-16',2.00,25.00,94.25,25.00),(618,165,149,0.00,20,'2024-03-16',0.00,25.00,94.25,25.00),(619,165,129,33.93,20,'2024-03-16',9.00,25.00,94.25,25.00),(620,235,233,0.28,0,'2024-03-16',4.00,15.00,1.05,15.00),(621,235,148,0.07,0,'2024-03-16',1.00,15.00,1.05,15.00),(622,235,149,0.00,0,'2024-03-16',0.00,15.00,1.05,15.00),(623,235,147,0.07,0,'2024-03-16',1.00,15.00,1.05,15.00),(624,235,129,0.07,0,'2024-03-16',1.00,15.00,1.05,15.00),(625,235,216,0.28,0,'2024-03-16',4.00,15.00,1.05,15.00),(626,235,234,0.28,0,'2024-03-16',4.00,15.00,1.05,15.00),(627,160,147,2.04,4,'2024-03-16',2.00,25.00,25.55,25.00),(628,160,149,19.42,4,'2024-03-16',19.00,25.00,25.55,25.00),(629,168,149,0.00,3,'2024-03-16',0.00,25.00,22.25,25.00),(630,168,164,1.78,3,'2024-03-16',2.00,25.00,22.25,25.00),(631,168,148,5.34,3,'2024-03-16',6.00,25.00,22.25,25.00),(632,168,167,4.45,3,'2024-03-16',5.00,25.00,22.25,25.00),(633,168,162,0.89,3,'2024-03-16',1.00,25.00,22.25,25.00),(634,168,147,1.78,3,'2024-03-16',2.00,25.00,22.25,25.00),(635,168,129,8.01,3,'2024-03-16',9.00,25.00,22.25,25.00),(636,233,148,0.23,0,'2024-03-16',1.00,15.00,3.45,15.00),(637,233,216,2.30,0,'2024-03-16',10.00,15.00,3.45,15.00),(638,233,147,0.23,0,'2024-03-16',1.00,15.00,3.45,15.00),(639,233,149,0.00,0,'2024-03-16',0.00,15.00,3.45,15.00),(640,160,129,4.09,4,'2024-03-16',4.00,25.00,25.55,25.00),(641,233,129,0.69,0,'2024-03-16',3.00,15.00,3.45,15.00),(642,188,129,1.30,1,'2024-03-16',10.00,25.00,3.25,25.00),(643,188,185,0.26,1,'2024-03-16',2.00,25.00,3.25,25.00),(644,188,146,0.65,1,'2024-03-16',5.00,25.00,3.25,25.00),(645,188,184,0.39,1,'2024-03-16',3.00,25.00,3.25,25.00),(646,188,187,0.65,1,'2024-03-16',5.00,25.00,3.25,25.00),(647,159,150,0.55,0,'2024-03-16',5.00,25.00,2.75,25.00),(648,159,149,0.00,0,'2024-03-16',0.00,25.00,2.75,25.00),(649,159,148,0.99,0,'2024-03-16',9.00,25.00,2.75,25.00),(650,159,147,0.22,0,'2024-03-16',2.00,25.00,2.75,25.00),(651,205,129,3.73,1,'2024-03-16',3.00,20.00,24.90,20.00),(652,205,146,2.49,1,'2024-03-16',2.00,20.00,24.90,20.00),(653,172,170,3.00,1,'2024-03-16',10.00,25.00,7.50,25.00),(654,172,129,3.00,1,'2024-03-16',10.00,25.00,7.50,25.00),(655,172,146,1.50,1,'2024-03-16',5.00,25.00,7.50,25.00),(656,159,129,0.99,0,'2024-03-16',9.00,25.00,2.75,25.00),(657,205,204,18.68,1,'2024-03-16',15.00,20.00,24.90,20.00),(658,269,265,11.05,2,'2024-03-16',5.00,25.00,55.25,25.00),(659,269,129,22.10,2,'2024-03-16',10.00,25.00,55.25,25.00),(660,269,146,11.05,2,'2024-03-16',5.00,25.00,55.25,25.00),(661,269,264,11.05,2,'2024-03-16',5.00,25.00,55.25,25.00),(662,171,146,17.40,17,'2024-03-16',5.00,25.00,87.00,25.00),(663,171,129,34.80,17,'2024-03-16',10.00,25.00,87.00,25.00),(664,234,216,3.28,1,'2024-03-16',4.00,15.00,12.30,15.00),(665,234,147,3.28,1,'2024-03-16',4.00,15.00,12.30,15.00),(666,234,129,1.64,1,'2024-03-16',2.00,15.00,12.30,15.00),(667,234,148,0.82,1,'2024-03-16',1.00,15.00,12.30,15.00),(668,171,170,34.80,17,'2024-03-16',10.00,25.00,87.00,25.00),(669,234,233,3.28,1,'2024-03-16',4.00,15.00,12.30,15.00),(670,234,149,0.00,1,'2024-03-16',0.00,15.00,12.30,15.00),(671,236,216,50.90,20,'2024-03-16',10.00,25.00,127.25,25.00),(672,236,148,20.36,20,'2024-03-16',4.00,25.00,127.25,25.00),(673,236,147,10.18,20,'2024-03-16',2.00,25.00,127.25,25.00),(674,236,149,0.00,20,'2024-03-16',0.00,25.00,127.25,25.00),(675,249,244,4.10,1,'2024-03-16',10.00,25.00,10.25,25.00),(676,236,129,45.81,20,'2024-03-16',9.00,25.00,127.25,25.00),(677,249,149,0.00,1,'2024-03-16',0.00,25.00,10.25,25.00),(678,249,243,1.23,1,'2024-03-16',3.00,25.00,10.25,25.00),(679,249,148,0.41,1,'2024-03-16',1.00,25.00,10.25,25.00),(680,249,147,0.41,1,'2024-03-16',1.00,25.00,10.25,25.00),(681,249,129,4.10,1,'2024-03-16',10.00,25.00,10.25,25.00),(682,204,129,9.46,0,'2024-03-16',22.00,25.00,10.75,25.00),(683,240,216,14.32,4,'2024-03-16',4.00,15.00,53.70,15.00),(684,240,234,14.32,4,'2024-03-16',4.00,15.00,53.70,15.00),(685,240,149,0.00,4,'2024-03-16',0.00,15.00,53.70,15.00),(686,204,146,1.29,0,'2024-03-16',3.00,25.00,10.75,25.00),(687,240,233,14.32,4,'2024-03-16',4.00,15.00,53.70,15.00),(688,240,129,3.58,4,'2024-03-16',1.00,15.00,53.70,15.00),(689,240,148,3.58,4,'2024-03-16',1.00,15.00,53.70,15.00),(690,240,147,3.58,4,'2024-03-16',1.00,15.00,53.70,15.00),(691,218,147,41.75,9,'2024-03-16',5.00,25.00,208.75,25.00),(692,218,215,41.75,9,'2024-03-16',5.00,25.00,208.75,25.00),(693,218,217,41.75,9,'2024-03-16',5.00,25.00,208.75,25.00),(694,218,129,83.50,9,'2024-03-16',10.00,25.00,208.75,25.00),(695,214,208,18.00,4,'2024-03-16',5.00,10.00,36.00,10.00),(696,214,129,7.20,4,'2024-03-16',2.00,10.00,36.00,10.00),(697,214,147,10.80,4,'2024-03-16',3.00,10.00,36.00,10.00),(698,247,243,18.72,1,'2024-03-16',13.00,25.00,36.00,25.00),(699,247,148,1.44,1,'2024-03-16',1.00,25.00,36.00,25.00),(700,247,149,0.00,1,'2024-03-16',0.00,25.00,36.00,25.00),(701,241,129,1.22,1,'2024-03-16',2.00,20.00,12.20,20.00),(702,247,147,1.44,1,'2024-03-16',1.00,25.00,36.00,25.00),(703,247,129,14.40,1,'2024-03-16',10.00,25.00,36.00,25.00),(704,241,146,1.83,1,'2024-03-16',3.00,20.00,12.20,20.00),(705,241,204,9.15,1,'2024-03-16',15.00,20.00,12.20,20.00),(706,237,148,22.80,11,'2024-03-16',4.00,25.00,142.50,25.00),(707,237,149,0.00,11,'2024-03-16',0.00,25.00,142.50,25.00),(708,237,216,57.00,11,'2024-03-16',10.00,25.00,142.50,25.00),(709,237,129,51.30,11,'2024-03-16',9.00,25.00,142.50,25.00),(710,237,147,11.40,11,'2024-03-16',2.00,25.00,142.50,25.00),(711,267,264,2.00,2,'2024-03-16',10.00,25.00,5.00,25.00),(712,267,129,2.00,2,'2024-03-16',10.00,25.00,5.00,25.00),(713,267,146,1.00,2,'2024-03-16',5.00,25.00,5.00,25.00),(714,259,147,70.05,5,'2024-03-16',15.00,15.00,70.05,15.00),(715,259,129,0.00,5,'2024-03-16',0.00,15.00,70.05,15.00),(716,266,146,0.05,0,'2024-03-16',5.00,25.00,0.25,25.00),(717,266,264,0.10,0,'2024-03-16',10.00,25.00,0.25,25.00),(718,266,129,0.10,0,'2024-03-16',10.00,25.00,0.25,25.00),(719,258,129,0.00,3,'2024-03-16',0.00,15.00,39.15,15.00),(720,263,129,44.28,20,'2024-03-16',9.00,25.00,123.00,25.00),(721,258,147,39.15,3,'2024-03-16',15.00,15.00,39.15,15.00),(722,263,147,9.84,20,'2024-03-16',2.00,25.00,123.00,25.00),(723,260,147,8.24,19,'2024-03-16',2.00,25.00,103.00,25.00),(724,263,216,49.20,20,'2024-03-16',10.00,25.00,123.00,25.00),(725,260,148,24.72,19,'2024-03-16',6.00,25.00,103.00,25.00),(726,260,149,0.00,19,'2024-03-16',0.00,25.00,103.00,25.00),(727,263,149,0.00,20,'2024-03-16',0.00,25.00,123.00,25.00),(728,260,167,20.60,19,'2024-03-16',5.00,25.00,103.00,25.00),(729,260,164,8.24,19,'2024-03-16',2.00,25.00,103.00,25.00),(730,260,162,4.12,19,'2024-03-16',1.00,25.00,103.00,25.00),(731,263,148,19.68,20,'2024-03-16',4.00,25.00,123.00,25.00),(732,260,129,37.08,19,'2024-03-16',9.00,25.00,103.00,25.00),(733,207,147,4.65,0,'2024-03-24',25.00,25.00,4.65,25.00),(734,207,129,0.00,0,'2024-03-24',0.00,25.00,4.65,25.00),(735,148,149,83.13,35,'2024-03-24',17.00,25.00,122.25,25.00),(736,148,147,9.78,35,'2024-03-24',2.00,25.00,122.25,25.00),(737,148,129,29.34,35,'2024-03-24',6.00,25.00,122.25,25.00),(738,178,146,0.90,0,'2024-03-24',5.00,25.00,4.50,25.00),(739,146,129,1.86,0,'2024-03-24',15.00,25.00,3.10,15.00),(740,178,129,1.80,0,'2024-03-24',10.00,25.00,4.50,25.00),(741,206,147,4.95,1,'2024-03-24',25.00,25.00,4.95,25.00),(742,178,170,1.80,0,'2024-03-24',10.00,25.00,4.50,25.00),(743,206,129,0.00,1,'2024-03-24',0.00,25.00,4.95,25.00),(744,243,149,0.00,0,'2024-03-24',0.00,25.00,0.50,25.00),(745,243,147,0.26,0,'2024-03-24',13.00,25.00,0.50,25.00),(746,243,129,0.20,0,'2024-03-24',10.00,25.00,0.50,25.00),(747,243,148,0.04,0,'2024-03-24',2.00,25.00,0.50,25.00),(748,216,149,0.00,0,'2024-03-24',0.00,25.00,3.50,25.00),(749,216,129,1.26,0,'2024-03-24',9.00,25.00,3.50,25.00),(750,216,147,1.68,0,'2024-03-24',12.00,25.00,3.50,25.00),(751,215,147,13.50,3,'2024-03-24',15.00,25.00,22.50,25.00),(752,215,129,9.00,3,'2024-03-24',10.00,25.00,22.50,25.00),(753,216,148,0.56,0,'2024-03-24',4.00,25.00,3.50,25.00),(754,191,184,0.75,0,'2024-03-24',5.00,25.00,3.75,25.00),(755,191,146,0.75,0,'2024-03-24',5.00,25.00,3.75,25.00),(756,191,190,0.75,0,'2024-03-24',5.00,25.00,3.75,25.00),(757,191,129,1.50,0,'2024-03-24',10.00,25.00,3.75,25.00),(758,255,243,1.43,0,'2024-03-24',13.00,25.00,2.75,25.00),(759,255,149,0.00,0,'2024-03-24',0.00,25.00,2.75,25.00),(760,255,147,0.11,0,'2024-03-24',1.00,25.00,2.75,25.00),(761,184,129,5.90,1,'2024-03-24',10.00,25.00,14.75,25.00),(762,255,129,1.10,0,'2024-03-24',10.00,25.00,2.75,25.00),(763,255,148,0.11,0,'2024-03-24',1.00,25.00,2.75,25.00),(764,184,146,8.85,1,'2024-03-24',15.00,25.00,14.75,25.00),(765,250,149,0.00,2,'2024-03-24',0.00,25.00,6.25,25.00),(766,250,148,0.25,2,'2024-03-24',1.00,25.00,6.25,25.00),(767,250,129,2.50,2,'2024-03-24',10.00,25.00,6.25,25.00),(768,250,147,0.25,2,'2024-03-24',1.00,25.00,6.25,25.00),(769,250,243,0.75,2,'2024-03-24',3.00,25.00,6.25,25.00),(770,250,244,2.50,2,'2024-03-24',10.00,25.00,6.25,25.00),(771,185,129,0.40,0,'2024-03-24',10.00,25.00,1.00,25.00),(772,185,184,0.40,0,'2024-03-24',10.00,25.00,1.00,25.00),(773,185,146,0.20,0,'2024-03-24',5.00,25.00,1.00,25.00),(774,190,184,0.90,0,'2024-03-24',10.00,25.00,2.25,25.00),(775,190,146,0.45,0,'2024-03-24',5.00,25.00,2.25,25.00),(776,190,129,0.90,0,'2024-03-24',10.00,25.00,2.25,25.00),(777,181,170,13.55,6,'2024-03-24',5.00,25.00,67.75,25.00),(778,181,146,13.55,6,'2024-03-24',5.00,25.00,67.75,25.00),(779,181,178,13.55,6,'2024-03-24',5.00,25.00,67.75,25.00),(780,181,129,27.10,6,'2024-03-24',10.00,25.00,67.75,25.00),(781,212,208,37.92,14,'2024-03-24',4.00,7.00,66.36,7.00),(782,212,129,9.48,14,'2024-03-24',1.00,7.00,66.36,7.00),(783,212,147,18.96,14,'2024-03-24',2.00,7.00,66.36,7.00),(784,167,164,7.15,6,'2024-03-24',5.00,25.00,35.75,25.00),(785,167,162,2.86,6,'2024-03-24',2.00,25.00,35.75,25.00),(786,167,147,2.86,6,'2024-03-24',2.00,25.00,35.75,25.00),(787,167,148,10.01,6,'2024-03-24',7.00,25.00,35.75,25.00),(788,167,149,0.00,6,'2024-03-24',0.00,25.00,35.75,25.00),(789,164,162,0.60,1,'2024-03-24',5.00,25.00,3.00,25.00),(790,167,129,12.87,6,'2024-03-24',9.00,25.00,35.75,25.00),(791,164,148,1.08,1,'2024-03-24',9.00,25.00,3.00,25.00),(792,164,129,1.08,1,'2024-03-24',9.00,25.00,3.00,25.00),(793,164,149,0.00,1,'2024-03-24',0.00,25.00,3.00,25.00),(794,164,147,0.24,1,'2024-03-24',2.00,25.00,3.00,25.00),(795,153,148,14.52,13,'2024-03-24',4.00,25.00,90.75,25.00),(796,153,147,7.26,13,'2024-03-24',2.00,25.00,90.75,25.00),(797,153,129,32.67,13,'2024-03-24',9.00,25.00,90.75,25.00),(798,230,216,9.20,3,'2024-03-24',10.00,15.00,13.80,15.00),(799,153,149,36.30,13,'2024-03-24',10.00,25.00,90.75,25.00),(800,230,149,0.00,3,'2024-03-24',0.00,15.00,13.80,15.00),(801,230,148,0.92,3,'2024-03-24',1.00,15.00,13.80,15.00),(802,230,147,0.92,3,'2024-03-24',1.00,15.00,13.80,15.00),(803,168,148,0.36,0,'2024-03-24',6.00,25.00,1.50,25.00),(804,168,167,0.30,0,'2024-03-24',5.00,25.00,1.50,25.00),(805,168,164,0.12,0,'2024-03-24',2.00,25.00,1.50,25.00),(806,168,162,0.06,0,'2024-03-24',1.00,25.00,1.50,25.00),(807,230,129,2.76,3,'2024-03-24',3.00,15.00,13.80,15.00),(808,168,149,0.00,0,'2024-03-24',0.00,25.00,1.50,25.00),(809,168,147,0.12,0,'2024-03-24',2.00,25.00,1.50,25.00),(810,168,129,0.54,0,'2024-03-24',9.00,25.00,1.50,25.00),(811,162,148,20.72,12,'2024-03-24',14.00,25.00,37.00,25.00),(812,162,147,2.96,12,'2024-03-24',2.00,25.00,37.00,25.00),(813,162,149,0.00,12,'2024-03-24',0.00,25.00,37.00,25.00),(814,162,129,13.32,12,'2024-03-24',9.00,25.00,37.00,25.00),(815,239,234,1.92,0,'2024-03-24',4.00,25.00,12.00,25.00),(816,239,233,1.92,0,'2024-03-24',4.00,25.00,12.00,25.00),(817,239,216,1.92,0,'2024-03-24',4.00,25.00,12.00,25.00),(818,239,129,5.28,0,'2024-03-24',11.00,25.00,12.00,25.00),(819,239,148,0.48,0,'2024-03-24',1.00,25.00,12.00,25.00),(820,254,244,0.20,0,'2024-03-24',10.00,25.00,0.50,25.00),(821,254,243,0.06,0,'2024-03-24',3.00,25.00,0.50,25.00),(822,239,147,0.48,0,'2024-03-24',1.00,25.00,12.00,25.00),(823,254,149,0.00,0,'2024-03-24',0.00,25.00,0.50,25.00),(824,239,149,0.00,0,'2024-03-24',0.00,25.00,12.00,25.00),(825,254,148,0.02,0,'2024-03-24',1.00,25.00,0.50,25.00),(826,254,129,0.20,0,'2024-03-24',10.00,25.00,0.50,25.00),(827,254,147,0.02,0,'2024-03-24',1.00,25.00,0.50,25.00),(828,235,233,0.60,0,'2024-03-24',4.00,15.00,2.25,15.00),(829,235,148,0.15,0,'2024-03-24',1.00,15.00,2.25,15.00),(830,235,147,0.15,0,'2024-03-24',1.00,15.00,2.25,15.00),(831,235,149,0.00,0,'2024-03-24',0.00,15.00,2.25,15.00),(832,235,216,0.60,0,'2024-03-24',4.00,15.00,2.25,15.00),(833,235,129,0.15,0,'2024-03-24',1.00,15.00,2.25,15.00),(834,235,234,0.60,0,'2024-03-24',4.00,15.00,2.25,15.00),(835,165,162,5.66,9,'2024-03-24',2.00,25.00,70.75,25.00),(836,165,164,14.15,9,'2024-03-24',5.00,25.00,70.75,25.00),(837,165,148,19.81,9,'2024-03-24',7.00,25.00,70.75,25.00),(838,165,149,0.00,9,'2024-03-24',0.00,25.00,70.75,25.00),(839,165,147,5.66,9,'2024-03-24',2.00,25.00,70.75,25.00),(840,257,146,12.60,1,'2024-03-24',15.00,25.00,21.00,25.00),(841,257,129,8.40,1,'2024-03-24',10.00,25.00,21.00,25.00),(842,189,129,29.10,15,'2024-03-24',10.00,25.00,72.75,25.00),(843,189,146,14.55,15,'2024-03-24',5.00,25.00,72.75,25.00),(844,189,184,29.10,15,'2024-03-24',10.00,25.00,72.75,25.00),(845,165,129,25.47,9,'2024-03-24',9.00,25.00,70.75,25.00),(846,218,147,43.80,9,'2024-03-24',5.00,25.00,219.00,25.00),(847,218,129,87.60,9,'2024-03-24',10.00,25.00,219.00,25.00),(848,218,217,43.80,9,'2024-03-24',5.00,25.00,219.00,25.00),(849,218,215,43.80,9,'2024-03-24',5.00,25.00,219.00,25.00),(850,160,147,4.70,8,'2024-03-24',2.00,25.00,58.80,25.00),(851,160,149,44.69,8,'2024-03-24',19.00,25.00,58.80,25.00),(852,160,129,9.41,8,'2024-03-24',4.00,25.00,58.80,25.00),(853,157,148,14.28,2,'2024-03-24',14.00,25.00,25.50,25.00),(854,157,147,2.04,2,'2024-03-24',2.00,25.00,25.50,25.00),(855,157,129,9.18,2,'2024-03-24',9.00,25.00,25.50,25.00),(856,234,147,3.88,1,'2024-03-24',4.00,15.00,14.55,15.00),(857,234,233,3.88,1,'2024-03-24',4.00,15.00,14.55,15.00),(858,234,149,0.00,1,'2024-03-24',0.00,15.00,14.55,15.00),(859,234,216,3.88,1,'2024-03-24',4.00,15.00,14.55,15.00),(860,157,149,0.00,2,'2024-03-24',0.00,25.00,25.50,25.00),(861,233,216,1.00,1,'2024-03-24',10.00,15.00,1.50,15.00),(862,234,148,0.97,1,'2024-03-24',1.00,15.00,14.55,15.00),(863,233,148,0.10,1,'2024-03-24',1.00,15.00,1.50,15.00),(864,234,129,1.94,1,'2024-03-24',2.00,15.00,14.55,15.00),(865,233,147,0.10,1,'2024-03-24',1.00,15.00,1.50,15.00),(866,233,149,0.00,1,'2024-03-24',0.00,15.00,1.50,15.00),(867,233,129,0.30,1,'2024-03-24',3.00,15.00,1.50,15.00),(868,161,160,3.36,1,'2024-03-24',10.00,25.00,8.40,25.00),(869,161,149,2.69,1,'2024-03-24',8.00,25.00,8.40,25.00),(870,161,147,1.34,1,'2024-03-24',4.00,25.00,8.40,25.00),(871,161,129,1.01,1,'2024-03-24',3.00,25.00,8.40,25.00),(872,220,148,1.96,4,'2024-03-24',4.00,25.00,12.25,25.00),(873,220,147,0.98,4,'2024-03-24',2.00,25.00,12.25,25.00),(874,220,149,0.00,4,'2024-03-24',0.00,25.00,12.25,25.00),(875,220,216,4.90,4,'2024-03-24',10.00,25.00,12.25,25.00),(876,236,148,16.20,11,'2024-03-24',4.00,25.00,101.25,25.00),(877,236,149,0.00,11,'2024-03-24',0.00,25.00,101.25,25.00),(878,220,129,4.41,4,'2024-03-24',9.00,25.00,12.25,25.00),(879,236,216,40.50,11,'2024-03-24',10.00,25.00,101.25,25.00),(880,236,147,8.10,11,'2024-03-24',2.00,25.00,101.25,25.00),(881,236,129,36.45,11,'2024-03-24',9.00,25.00,101.25,25.00),(882,204,146,1.32,0,'2024-03-24',3.00,25.00,11.00,25.00),(883,204,129,9.68,0,'2024-03-24',22.00,25.00,11.00,25.00),(884,171,129,19.10,6,'2024-03-24',10.00,25.00,47.75,25.00),(885,172,170,0.40,0,'2024-03-24',10.00,25.00,1.00,25.00),(886,171,170,19.10,6,'2024-03-24',10.00,25.00,47.75,25.00),(887,171,146,9.55,6,'2024-03-24',5.00,25.00,47.75,25.00),(888,172,129,0.40,0,'2024-03-24',10.00,25.00,1.00,25.00),(889,172,146,0.20,0,'2024-03-24',5.00,25.00,1.00,25.00),(890,188,187,3.05,3,'2024-03-24',5.00,25.00,15.25,25.00),(891,188,185,1.22,3,'2024-03-24',2.00,25.00,15.25,25.00),(892,188,129,6.10,3,'2024-03-24',10.00,25.00,15.25,25.00),(893,188,184,1.83,3,'2024-03-24',3.00,25.00,15.25,25.00),(894,205,129,3.03,1,'2024-03-24',3.00,20.00,20.20,20.00),(895,205,146,2.02,1,'2024-03-24',2.00,20.00,20.20,20.00),(896,159,150,0.50,0,'2024-03-24',5.00,25.00,2.50,25.00),(897,159,148,0.90,0,'2024-03-24',9.00,25.00,2.50,25.00),(898,188,146,3.05,3,'2024-03-24',5.00,25.00,15.25,25.00),(899,159,147,0.20,0,'2024-03-24',2.00,25.00,2.50,25.00),(900,205,204,15.15,1,'2024-03-24',15.00,20.00,20.20,20.00),(901,159,149,0.00,0,'2024-03-24',0.00,25.00,2.50,25.00),(902,159,129,0.90,0,'2024-03-24',9.00,25.00,2.50,25.00),(903,249,244,23.30,2,'2024-03-24',10.00,25.00,58.25,25.00),(904,249,149,0.00,2,'2024-03-24',0.00,25.00,58.25,25.00),(905,249,148,2.33,2,'2024-03-24',1.00,25.00,58.25,25.00),(906,249,243,6.99,2,'2024-03-24',3.00,25.00,58.25,25.00),(907,249,147,2.33,2,'2024-03-24',1.00,25.00,58.25,25.00),(908,249,129,23.30,2,'2024-03-24',10.00,25.00,58.25,25.00),(909,247,243,42.90,3,'2024-03-24',13.00,25.00,82.50,25.00),(910,247,148,3.30,3,'2024-03-24',1.00,25.00,82.50,25.00),(911,247,147,3.30,3,'2024-03-24',1.00,25.00,82.50,25.00),(912,247,149,0.00,3,'2024-03-24',0.00,25.00,82.50,25.00),(913,247,129,33.00,3,'2024-03-24',10.00,25.00,82.50,25.00),(914,267,264,8.40,5,'2024-03-24',10.00,25.00,21.00,25.00),(915,267,146,4.20,5,'2024-03-24',5.00,25.00,21.00,25.00),(916,267,129,8.40,5,'2024-03-24',10.00,25.00,21.00,25.00),(917,258,147,16.65,1,'2024-03-24',15.00,15.00,16.65,15.00),(918,258,129,0.00,1,'2024-03-24',0.00,15.00,16.65,15.00),(919,260,167,8.40,8,'2024-03-24',5.00,25.00,42.00,25.00),(920,260,164,3.36,8,'2024-03-24',2.00,25.00,42.00,25.00),(921,260,162,1.68,8,'2024-03-24',1.00,25.00,42.00,25.00),(922,260,148,10.08,8,'2024-03-24',6.00,25.00,42.00,25.00),(923,260,147,3.36,8,'2024-03-24',2.00,25.00,42.00,25.00),(924,260,149,0.00,8,'2024-03-24',0.00,25.00,42.00,25.00),(925,260,129,15.12,8,'2024-03-24',9.00,25.00,42.00,25.00),(926,263,129,128.25,24,'2024-03-24',9.00,25.00,356.25,25.00),(927,263,216,142.50,24,'2024-03-24',10.00,25.00,356.25,25.00),(928,263,149,0.00,24,'2024-03-24',0.00,25.00,356.25,25.00),(929,263,147,28.50,24,'2024-03-24',2.00,25.00,356.25,25.00),(930,263,148,57.00,24,'2024-03-24',4.00,25.00,356.25,25.00),(931,266,129,445.91,50,'2024-03-24',17.00,25.00,655.75,25.00),(932,266,146,26.23,50,'2024-03-24',1.00,25.00,655.75,25.00),(933,266,264,52.46,50,'2024-03-24',2.00,25.00,655.75,25.00),(934,266,282,131.15,50,'2024-03-24',5.00,25.00,655.75,25.00),(935,240,149,0.00,1,'2024-03-24',0.00,15.00,12.75,15.00),(936,240,216,3.40,1,'2024-03-24',4.00,15.00,12.75,15.00),(937,240,234,3.40,1,'2024-03-24',4.00,15.00,12.75,15.00),(938,240,233,3.40,1,'2024-03-24',4.00,15.00,12.75,15.00),(939,240,129,0.85,1,'2024-03-24',1.00,15.00,12.75,15.00),(940,240,148,0.85,1,'2024-03-24',1.00,15.00,12.75,15.00),(941,240,147,0.85,1,'2024-03-24',1.00,15.00,12.75,15.00),(942,259,147,486.60,54,'2024-03-24',15.00,15.00,486.60,15.00),(943,259,129,0.00,54,'2024-03-24',0.00,15.00,486.60,15.00),(944,272,148,5.60,3,'2024-03-24',4.00,25.00,35.00,25.00),(945,272,216,7.00,3,'2024-03-24',5.00,25.00,35.00,25.00),(946,272,149,0.00,3,'2024-03-24',0.00,25.00,35.00,25.00),(947,272,129,12.60,3,'2024-03-24',9.00,25.00,35.00,25.00),(948,272,147,2.80,3,'2024-03-24',2.00,25.00,35.00,25.00),(949,273,233,13.51,5,'2024-03-24',7.00,15.00,28.95,15.00),(950,272,229,7.00,3,'2024-03-24',5.00,25.00,35.00,25.00),(951,273,149,0.00,5,'2024-03-24',0.00,15.00,28.95,15.00),(952,273,147,1.93,5,'2024-03-24',1.00,15.00,28.95,15.00),(953,273,148,1.93,5,'2024-03-24',1.00,15.00,28.95,15.00),(954,273,129,3.86,5,'2024-03-24',2.00,15.00,28.95,15.00),(955,273,216,7.72,5,'2024-03-24',4.00,15.00,28.95,15.00),(956,237,216,16.70,6,'2024-03-24',10.00,25.00,41.75,25.00),(957,237,149,0.00,6,'2024-03-24',0.00,25.00,41.75,25.00),(958,237,148,6.68,6,'2024-03-24',4.00,25.00,41.75,25.00),(959,237,129,15.03,6,'2024-03-24',9.00,25.00,41.75,25.00),(960,237,147,3.34,6,'2024-03-24',2.00,25.00,41.75,25.00);
/*!40000 ALTER TABLE `userCommission` ENABLE KEYS */;
UNLOCK TABLES;

--
-- Table structure for table `usergroup`
--

DROP TABLE IF EXISTS `usergroup`;
/*!40101 SET @saved_cs_client     = @@character_set_client */;
/*!50503 SET character_set_client = utf8mb4 */;
CREATE TABLE `usergroup` (
  `userId` int NOT NULL,
  `groupId` int NOT NULL,
  PRIMARY KEY (`userId`,`groupId`),
  KEY `groupId` (`groupId`),
  CONSTRAINT `usergroup_ibfk_1` FOREIGN KEY (`userId`) REFERENCES `users` (`id`),
  CONSTRAINT `usergroup_ibfk_2` FOREIGN KEY (`groupId`) REFERENCES `groupsTable` (`id`)
) ENGINE=InnoDB DEFAULT CHARSET=utf8mb4 COLLATE=utf8mb4_general_ci;
/*!40101 SET character_set_client = @saved_cs_client */;

--
-- Dumping data for table `usergroup`
--

LOCK TABLES `usergroup` WRITE;
/*!40000 ALTER TABLE `usergroup` DISABLE KEYS */;
INSERT INTO `usergroup` VALUES (129,1),(146,1),(147,1),(148,1),(149,1),(150,1),(151,1),(152,1),(153,1),(154,1),(155,1),(156,1),(157,1),(158,1),(159,1),(160,1),(161,1),(162,1),(163,1),(164,1),(165,1),(166,1),(167,1),(168,1),(169,1),(170,1),(171,1),(172,1),(173,1),(174,1),(175,1),(176,1),(177,1),(178,1),(179,1),(180,1),(181,1),(182,1),(183,1),(184,1),(185,1),(186,1),(187,1),(188,1),(189,1),(190,1),(191,1),(204,1),(205,1),(206,1),(207,1),(208,1),(209,1),(210,1),(211,1),(212,1),(213,1),(214,1),(215,1),(216,1),(217,1),(218,1),(219,1),(220,1),(224,1),(225,1),(227,1),(228,1),(229,1),(230,1),(231,1),(232,1),(233,1),(234,1),(235,1),(236,1),(237,1),(238,1),(239,1),(240,1),(241,1),(243,1),(244,1),(245,1),(246,1),(247,1),(248,1),(249,1),(250,1),(251,1),(252,1),(253,1),(254,1),(255,1),(256,1),(257,1),(258,1),(259,1),(260,1),(261,1),(262,1),(263,1),(264,1),(265,1),(266,1),(267,1),(268,1),(269,1),(270,1),(271,1),(272,1),(273,1),(274,1),(275,1),(276,1),(278,1),(279,1),(280,1),(281,1),(282,1);
/*!40000 ALTER TABLE `usergroup` ENABLE KEYS */;
UNLOCK TABLES;

--
-- Table structure for table `users`
--

DROP TABLE IF EXISTS `users`;
/*!40101 SET @saved_cs_client     = @@character_set_client */;
/*!50503 SET character_set_client = utf8mb4 */;
CREATE TABLE `users` (
  `id` int NOT NULL AUTO_INCREMENT,
  `email` varchar(255) COLLATE utf8mb4_general_ci NOT NULL,
  `username` varchar(255) COLLATE utf8mb4_general_ci NOT NULL,
  `password` varchar(255) COLLATE utf8mb4_general_ci NOT NULL,
  `firstName` varchar(255) COLLATE utf8mb4_general_ci DEFAULT NULL,
  `lastName` varchar(255) COLLATE utf8mb4_general_ci DEFAULT NULL,
  `phoneNumber` varchar(20) COLLATE utf8mb4_general_ci DEFAULT NULL,
  `dob` varchar(10) COLLATE utf8mb4_general_ci DEFAULT NULL,
  `isAdmin` tinyint(1) DEFAULT '0',
  `md5Id` varchar(32) COLLATE utf8mb4_general_ci NOT NULL,
  `createdAt` timestamp NULL DEFAULT CURRENT_TIMESTAMP,
  `charged` decimal(10,2) DEFAULT NULL,
  `dispensed` decimal(10,2) DEFAULT NULL,
  PRIMARY KEY (`id`),
  UNIQUE KEY `email` (`email`),
  UNIQUE KEY `username` (`username`)
) ENGINE=InnoDB AUTO_INCREMENT=283 DEFAULT CHARSET=utf8mb4 COLLATE=utf8mb4_general_ci;
/*!40101 SET character_set_client = @saved_cs_client */;

--
-- Dumping data for table `users`
--

LOCK TABLES `users` WRITE;
/*!40000 ALTER TABLE `users` DISABLE KEYS */;
INSERT INTO `users` VALUES (119,'superadmin@gmail.com','superadmin','$2b$10$88O8uk2qdTS3eDRvFEOnuO9M0qYflh5dg.jrX73SeJ/Qcl3OdjHDW','Super','admin','+96176547764','1111-11-11',1,'0','2024-01-21 00:00:00',15.00,NULL),(129,'info@masari.me','masari.me','$2b$10$88O8uk2qdTS3eDRvFEOnuO9M0qYflh5dg.jrX73SeJ/Qcl3OdjHDW','info','masari','76547763','1111-11-11',0,'1','2024-01-21 00:00:00',25.00,15.00),(146,'saleh.hasssan@gmail.com','Hsaleh','$2b$10$Q0SHb1ypD9pHvCBpFBKovO7OsSJZPOji6YUOiylZLavhNMhLSVw8O','Hasan','Saleh','70061682','1990-11-30',0,'5003130','2024-03-02 01:21:06',25.00,15.00),(147,'alzeinahmad40@gmail.com','alzein','$2b$10$Pdz5cFYaEjH/2YY8EiXpBe.VlmK4PtgtJHvAAcH/JB8A.5PPQbcHi','Ahmad','Alzein','76547764','1995-08-12',0,'5003310','2024-03-02 01:26:48',25.00,15.00),(148,'Fhamdan7893@gmail.com','fhamdan','$2b$10$zY294ANLaJdrDewn8ovSp.8E3L4yd9NqLzsshV7Uud4WBe5hYz9WK','fatima','hamdan','70785784','1993-08-07',0,'5003157','2024-03-02 11:44:05',25.00,25.00),(149,'Amiriali14@hotmail.com','yehiahamdan','$2b$10$agAbNwDCIvbpdOTBoW.laeFl255/gMMQr6LRkoD.ic6Kt0ohoQ4K2','yehia','hamdan','181674295','1111-11-11',0,'5003162','2024-03-02 11:48:35',25.00,15.00),(150,'ayaraad.ba@gmail.com','ayaraad','$2b$10$x1rSRkZKa8kOkTQ6sUXcMutx8JTB44zq5fprZvK4V1tfeMxbtXhnG','aya','raad','71571732','1111-11-11',0,'5003173','2024-03-02 11:52:32',25.00,25.00),(151,'brahim.sabdallah@gmail.com','ibrahimab','$2b$10$s9uvbzDNUN/A0keqfGg/iOfrIF4wEiWHMhlOJc1nDD31F/vfBsPb6','ibrahim','abdallah','76047782','2222-02-22',0,'5003551','2024-03-02 11:57:34',25.00,25.00),(152,'pro176792@gmail.com','MahmoudAlsayed','$2b$10$rWPxiKKZhyOWQdTqzQmYqODWbiGGQbSxEakKmocBQw9.cvi9TJoBi','Mahmoud ','Alsayed','81502778','1212-12-21',0,'5003697','2024-03-02 12:01:15',25.00,25.00),(153,'issa91648@gmail.com','HusseinIssa','$2b$10$DO7yAUgq9z3uuh9zz/2GbuPnt5NeDvGZF68WCXFywvVG1BeOIWtz6','Hussein ','Issa','81031653','3333-01-02',0,'5003896','2024-03-02 12:08:34',25.00,25.00),(154,'ghinaziad2002@gmail.com','GhinaAbouIssam','$2b$10$9o4FuS7Zattr/8OxIs1JheHH7vBE/ZKiQS0JlhK26rDRnPcrfASLG','Ghina','Abou Issam ','171689614','1111-11-11',0,'5004140','2024-03-02 12:10:43',25.00,25.00),(155,'laylahoussein22@gmail.com','LaylaHoussein','$2b$10$rseJ7l4fV0KS4hKNl2fXoegYvgBedF1lj9rAcqdKEHcDA6X5WG6Hu','Layla ','Houssein','76176955','1212-12-21',0,'5004105','2024-03-02 12:12:16',25.00,25.00),(156,'abosalimomran@gmail.com',' MohammadOmranAlghazawi','$2b$10$Q8aeFzGxDS3GwjeGktAee.AMplU/K0C6EKFa8x6frFRxUu/w5pTVq',' Mohammad ','Omran Alghazawi','905377999015','1212-12-12',0,'5004139','2024-03-02 12:14:55',25.00,25.00),(157,'fawzihassan.lb@outlook.com','fawzihassan','$2b$10$qoQws6cCHfMtCoaNnBXVjemuw6hRRcEo7PEMUcU1CpfYUkBWlCic2','fawzi','hassan','71347416','1212-12-12',0,'5004377','2024-03-02 12:16:43',25.00,25.00),(158,'hadighandour14@gmail.com','hadighandour','$2b$10$ZV8IRc4699vcSpcWvAuaeeSZTFMsyqfaaVm4PkUThJ5QeIo92epuu','hadi','ghandour','70689944','1212-12-12',0,'5004736','2024-03-02 12:17:54',25.00,25.00),(159,'hsseint@gmail.com',' HusseinTaha','$2b$10$2hSI.s18QOu0EnTkqfQ8C.A51zvvxKX9wn69nW1zfEqqB1.uMhHFK',' Hussein ','Taha','70531540','1212-12-12',0,'5004914','2024-03-02 12:20:39',25.00,25.00),(160,'lion.yusuf.1435@gmail.com','AbdelrahmanAbunawah','$2b$10$GW649.1NUCRS/nCGIcJSGuN3mnu6.rGt2Ed8eSsF4DERNH5fr3yP.','Abdelrahman ','Abunawah','9005377464798','1212-12-12',0,'5004344','2024-03-02 12:34:32',25.00,25.00),(161,'yamen.alibrahim007@gmail.com',' YamenAlibrahim','$2b$10$RevgBG3Eu5Eyb28rOR7H2eSVlB9wzmIaYGkk98WwRV4NZ2n20SMQS',' Yamen ','Alibrahim','71928093','1212-12-12',0,'5004518','2024-03-02 12:36:36',25.00,25.00),(162,'kevinmoubarak.jifu@gmail.com','KevinMoubarak','$2b$10$Ss3xeHOuDLIETPhcHpeWjuSmg3BswHtkTJi7OO3R.55OVABQZXw2m','Kevin ','Moubarak','76639345','1212-12-12',0,'5003774','2024-03-02 12:39:04',25.00,25.00),(163,'mohammadalkaays@gmail.com',' MohammadAbedElKarim','$2b$10$5OmUumxoYhHQj.FDGDJQlu/gXGANaVlhL2Se9osmBVDIDJvChfD5e',' Mohammad ','Abed El Karim','76991947','1212-12-12',0,'5003773','2024-03-02 12:40:19',25.00,25.00),(164,'jean.m.youssef@hotmail.com','JeanYoussef','$2b$10$.0bUrl1YhxvNb1T7oFrGsOfYcKPKYYQKVsucomduyu7CQole0W57a',' Jean ','Youssef','71042724','1212-12-12',0,'5003938','2024-03-02 12:41:37',25.00,25.00),(165,'brunojamal727@gmail.com','brunojamal','$2b$10$IFQ0B4hVEaa6OUge/tpaW.VxPfMIEF1wqa.0j9COAC71/oxhglqeq','bruno','jamal','76978474','1212-12-12',0,'5004380','2024-03-02 12:43:05',25.00,25.00),(166,'moubaraknano@gmail.com','MaryHawchar','$2b$10$bcEeQwsB79Qfc83Ksw9MkerkHUKV2ns7.xS.9y/pgPKA/Gxi5HajO','Mary','Hawchar','78911006','1212-12-12',0,'5005149','2024-03-02 12:49:06',25.00,25.00),(167,'ridasaker111@gmail.com','RidaSaker','$2b$10$/xmFxFgoLYhNxKm2YsQYAeBGZd42i4zJz5MutfHpWkds5XZ1z9e3K','Rida ','Saker','03244531','1212-12-12',0,'5003936','2024-03-02 12:50:29',25.00,25.00),(168,'hseinsaker83@gmail.com','HusseinSaker','$2b$10$Ewgw0oEZ9CR1JHCwgQS7fuXtFhPN9dU.//VGcUxWn5maNQxG.tbl.','Hussein ','Saker','71371423','1212-12-12',0,'5004175','2024-03-02 12:51:42',25.00,25.00),(169,'moawadgeorgio@gmail.com','GeorgioMoawad ','$2b$10$BOrwXrH.yRWzCc0hqTbKguy4h0hMo8k2CwFym6je33cmmSaAAnx16','Georgio ','Moawad ','76688841','1212-12-12',0,'5005216','2024-03-02 12:55:11',25.00,25.00),(170,'fatima.badreddine@hotmail.com',' FatmeBadreddine','$2b$10$rlw4y6owzdErodCvTzJLMOvmYDJg33nAws4YuAwpYzUPe1K8q707i',' Fatme ','Badreddine','70929288','1212-12-12',0,'5003694','2024-03-02 14:51:59',25.00,25.00),(171,'usifkhansa@gmail.com',' YoussefKhansa','$2b$10$ekNR8I5v84EqWTxF48rBru3kGb0nT1ykEB8K9nfdiv02yPnmUlOMO',' Youssef','Khansa','70873991','1212-12-12',0,'5004916','2024-03-02 14:59:09',25.00,25.00),(172,'aliasmaraliasmar22@gmail.com',' AliHassan','$2b$10$UBkR8JBjGZXvPlcf3s/ExuMxTERHHiNNfbmOosz8VQGjgosSR307i',' Ali ','Hassan','71824457','1212-12-12',0,'5004888','2024-03-02 15:00:35',25.00,25.00),(173,'larajannoun200317@gmail.com',' LaraElJannoun','$2b$10$aPZlTXG1DYhUmoSzuVTWHeEQ9GjOK4hTYD5CQVF/CmG0HBuL7GVkG',' Lara ','El Jannoun','76013778','1212-12-12',0,'5004196','2024-03-02 15:02:21',25.00,25.00),(174,'suzanebuchakra@gmail.com','suzanebuchakra','$2b$10$WybYheDvjEcXWuFt7cnrpepMlwAuTBYGKHsUp7i13nSKqMFagFp06','suzane','buchakra','78841329','1212-12-12',0,'5004013	','2024-03-02 15:03:41',25.00,25.00),(175,'ayla.moussawi8787@email.com',' AylaMoussawi','$2b$10$VDj5g8tqHOdlNT0iK.3zgeL8by/suywYnifO.EzMBA/a0ecx2UYhm',' Ayla ','Moussawi','70920279','1212-12-12',0,'5004334','2024-03-02 15:05:13',25.00,25.00),(176,'alialahmad1@mail.ru',' AliAlahmad','$2b$10$VrkMXXlrhH/Rxs/.D9.U0eSv62.oqE.A80KuLERsYPIqZfZxhJCCS',' Ali ','Alahmad','71297705','1212-12-12',0,'5004781','2024-03-02 15:06:09',25.00,25.00),(177,'adelkadri36@gmail.com','AdelAlKadri','$2b$10$ps4CnsmLLe2xI7Ed2cionOQyJpAHwTAbc2YAaCngXC5V9Fc/.s3PW','Adel ','Al Kadri','70741883','1212-12-12',0,'5004782','2024-03-02 15:07:21',25.00,25.00),(178,'hsnayash802@gmail.com',' HasanAyash','$2b$10$KuTK9X4z/XPDtDrzWZP0cOmlD4QFAu7N06SVHe4sPOgkB/h6klf8e',' Hasan ','Ayash','71811398','1212-12-12',0,'5003255','2024-03-02 15:08:23',25.00,25.00),(179,'hasounfatima45@gmail.com',' FatimaHassoun','$2b$10$xkTdkWynnJ8m9ygYKgzBh./Tzlw2YFCjjUmUXJ04xDrL12rN8bHGG',' Fatima ','Hassoun','71193769','1212-12-12',0,'5003739	','2024-03-02 15:09:37',25.00,25.00),(180,'jadmohsein@gmail.com','JadMohsein','$2b$10$TBEer.H1G6FpvyBN0aB11ui7CfphcsPDp6JcaPnSMB6RYn66nv/By','Jad ','Mohsein','76403987','1212-12-12',0,'5004176','2024-03-02 15:10:31',25.00,25.00),(181,'walidbdeir@icloud.com',' WalidBdeir','$2b$10$dBRKkclsrIpPO26u1JEr6eFIsH4jbRYrzdUttaIds76ikoS6ArG7e',' Walid','Bdeir','3769922','1212-12-12',0,'5003926','2024-03-02 15:11:45',25.00,25.00),(182,'jradih743@gmail.com','HussienBaderAldin','$2b$10$UVQb5hxrmFFA38qnPUCIOucaV7v4n4oVdeTFN..rak4YV6y/1LhrW','Hussien ','Bader Aldin','81334090','1212-12-12',0,'8040038, 5003700	','2024-03-02 15:13:48',25.00,25.00),(183,'ismaildib36@gmail.com',' IsmailDib','$2b$10$u3.Hso4.wVEa1qOjtC7iauJm.F8d8aeKTsim.la5ZtrFltfXz2/Su',' Ismail ','Dib','70572864','1122-12-12',0,'5003525','2024-03-02 15:14:59',25.00,25.00),(184,'jinan_at@hotmail.com','JinanAboutaam','$2b$10$XKLKewkplfQmtEb0DJwphe45Y9grWsmzyXD.Yibk/n3aSeFfhoFhC','Jinan ','Aboutaam','70044466','9999-09-09',0,'5004379	','2024-03-02 17:06:49',25.00,25.00),(185,'romanirola123@gmail.com',' RolaRomani','$2b$10$IaVeEXD4LxGb2D5lgVDb6edFGS6.XOoDHXStEoXDYIQAQHX99Qrmy',' Rola ','Romani','03315289','1212-02-12',0,'5003579','2024-03-02 17:08:58',25.00,25.00),(186,'waelkh2246@hotmail.com','WaelKharouf','$2b$10$GLrY3HmpwxNnVSdX1F7TXOtPtpORVW854Jb9Lx/b6xfIUOXx7ARlW','Wael ','Kharouf','96407833739135','1221-12-12',0,'5003493','2024-03-02 17:11:15',25.00,25.00),(187,'bsheikhbrahim@gmail.com',' IbrahimSheikhibrahim','$2b$10$LHVtwx2iQq968MJgaqRMauPdHaX6pUaLh5g7eA5Bq0BWDtpOa5KYq',' Ibrahim ','Sheikhibrahim','71526371','1211-12-12',0,'5003540','2024-03-02 17:12:15',25.00,25.00),(188,'raadsalahdeen02@gmail.com',' RaadSalahdeen','$2b$10$4QpXymRkMj1TjgUq7H1Vm.mD/7D53QSXUMEohEuLHSNetnbFHuoEi',' Raad ','Salahdeen','76975109','1212-12-12',0,'5004856','2024-03-02 17:15:05',25.00,25.00),(189,'hussein_fakeeh@live.com',' HusseinFakeeh','$2b$10$dEZDd..hQnAm5X6C7frBMOHN3J/8j3BIrnY65jxX6kNHvinGmVvhe',' Hussein ','Fakeeh','70857131','2121-12-12',0,'5004378','2024-03-02 17:17:34',25.00,25.00),(190,'amarbarakat616@gmail.com','AmarBarakat','$2b$10$S5Q0WYI93GkR9rqUiM6E2.n81iXcvNRivdwfS38Z8GelIYHSi0sAa','Amar ','Barakat','03637157','2121-12-12',0,'5004761','2024-03-02 17:23:28',25.00,25.00),(191,'abbassmsheik@hotmail.com',' AbbassMsheik','$2b$10$UyrNfwJUqlYWM0xpYTOp1uPnbW2QrU/xDSJR6UReJgmzDt5FWZt5q',' Abbass ','Msheik','70738207','1212-12-12',0,'5003137','2024-03-02 17:24:49',25.00,25.00),(204,'layla.habbouchi@gmail.com','LaylaHabbouche','$2b$10$Ft7MFGVkwQWwDAvfnoX94.8Jy2JVNP1dJ8itLIKFM9RE0Crlp5n5S','Layla ','Habbouche','905411199023',NULL,0,'5004920','2024-03-03 04:11:25',25.00,25.00),(205,'miss.sahar.abbas@gmail.com','SaharAbbad','$2b$10$vv5Fx1O.64/xGSBm51AAVuuzc2F5TVmsiu2YwasOy0yi53Jfhp3Cq',' Sahar','Abbad ','70541973',NULL,0,'5005121','2024-03-03 04:16:12',20.00,20.00),(206,'fatima.el.zein990@gmail.com','FatimaAlzein','$2b$10$TkivSGrgdGuMVSeKH94UVOD1PP0ZTQEf/9RNO39aEhZ7fWq1j7Dkm',' Fatima ','Alzein','70674015',NULL,0,'5003140','2024-03-03 04:27:40',25.00,25.00),(207,'solimanelzein@gmail.com','SlaimanAlZein','$2b$10$YGrs.bvDKZ0jg27IR9dtAuJ/UpJHNddECPxuEUiNKSA.dlan.vSD.','Slaiman','Al Zein','81796175',NULL,0,'5003098','2024-03-03 04:29:22',25.00,25.00),(208,'mostafa_dia123@hotmail.com','mostafadia','$2b$10$lBfv3agF2VGK5Gn/.6d7TecXM188602n3ymSf5lYEDrVneTr5oZq2','mostafa','dia','03089921',NULL,0,'5003725, 521755,','2024-03-03 04:53:15',0.00,0.00),(209,'mohammad_nassour@live.com','MohamadNassour','$2b$10$ARYXIBPHXg/oiDzwJTcKcOjkAhJmStHtjdZOwLxAvXAakGWANYrA2','Mohamad','Nassour','76002706',NULL,0,'5003170	','2024-03-03 05:00:12',25.00,25.00),(210,'younesdia1981@gmail.com','YounisDia','$2b$10$xZehcvxNxBFaLYfirpzAN.dUZL7y4Z0OyZg1H.E6o6Dvyuk7ZosYC','Younis','dia','03920549',NULL,0,'5003780','2024-03-03 05:01:28',25.00,25.00),(211,'moudidia.999@gmail.com','MohamadDia','$2b$10$xnNGCnLQMsutkpOXGSAEVO45AVPM9sYL6BRyO3UNqwtelwNlVjCPu',' Mohamad ','dia','71595145',NULL,0,'5003549','2024-03-03 05:02:52',25.00,25.00),(212,'mohammedzellaya@outlook.com','MohammedZellaya','$2b$10$jGvpSj/nK4EKfKLSqQzMdO18Oc4MChKKn8N5OYzWV/E9RokQzhrQy','Mohammed ','Zellaya','76656642',NULL,0,'5003676','2024-03-03 05:04:12',7.00,7.00),(213,'as.kdouh@gmail.com','AliKdouh','$2b$10$EMdaPibEGvyqO2js16LDq.sUmQCA/WMKQFhP/JqjH4Da608nQzLZy','Ali ','Kdouh','70666513',NULL,0,'5004584	','2024-03-03 05:05:40',25.00,25.00),(214,'kaakatiali@gmail.com','AliKaakati','$2b$10$MbeZl7M06nJr5rZRi5buKuZPHjiGw8xgAeqIG6.C8pmXHoBZUGWqi','Ali ','Kaakati','76849448',NULL,0,'5005081	','2024-03-03 05:06:53',10.00,10.00),(215,'alaa-serhan@hotmail.com','AlaaSerhane','$2b$10$.t0B3NKvB3MFQpdlq1UsguId0IF0Ll86AHyr1uQcG66X/VFYrXTRq',' Alaa ','Serhane','71855313',NULL,0,'5003155	','2024-03-03 05:13:38',25.00,25.00),(216,'aya.cheaitani@live.com','AyaCheaitani','$2b$10$xQZ0ecrU9r7ruzczIwnaueVRSy6gMbmin6xklkuvWlCvVtZx3MEd2','Aya ','Cheaitani','71265505',NULL,0,'5003177','2024-03-03 06:12:20',25.00,25.00),(217,'alarabwaleed447@gmail.com','FatimaAlArab','$2b$10$qBZn3YSsLrf98er86zwVOeLLmfmRnrUnnpcMP3LPNvHLOGtsfEr0m','Fatima','Al Arab','81992562',NULL,0,'5003552','2024-03-03 12:19:46',25.00,25.00),(218,'walidalarab40@gmail.com','MohamadAlArab','$2b$10$MQHp4CqfxKOPpH6/Ec475.g8s8pm7Jk.uVysFGD9vQhz4czRyVm/a','Mohamad','Al Arab','81992562',NULL,0,'5004605','2024-03-03 12:21:29',25.00,25.00),(219,'Maatoukahmad735@gmail.com','AhmadMaatouk','$2b$10$w7etl4yrC6.ruUSUrpC1l.F8dcrPiEjKz2UwDLdrH3cx40rF7jqFG','Ahmad','Maatouk ','004917664904085',NULL,0,'5003665','2024-03-04 01:22:27',25.00,25.00),(220,'aya.projects@hotmail.com','Doha','$2b$10$cQSiCqDNn12re3SG99G2y.SY8X5p7Fby6pHYyy4MY2wq2Qr4/C5Pm','Doha','Kobeissi','03721975',NULL,0,'5004633','2024-03-04 17:16:32',25.00,25.00),(224,'afeefabourashed9@gmail.com','Afeef','$2b$10$a872LbPldgl4atHRA/olUejs7ZetEiTxkx7chwhx.mW9.bXVGonEy','Afeef','Bourashed','71237437',NULL,0,'5005378','2024-03-04 19:39:41',25.00,25.00),(225,'hasan.abourashed@gmail.com','HasanBourashed','$2b$10$JynYNCDcFf0tIr/3GqBDbuQenL3sCFftsa9p2XwVbni30WfZNeCy6','hasan ','Bourashed','76142759',NULL,0,'5005376','2024-03-04 19:41:09',25.00,25.00),(227,'wassim.m.kheir@gmail.com','wassimkheir','$2b$10$/NNyzA3LOMY/mTdBFRRgNOEFMnMrIcWbk4IalaLrkKW6ziKHCzNWu','wassim','kheir','71916761',NULL,0,'5003230	','2024-03-07 19:52:17',25.00,25.00),(228,'fouadagha76@gmail.com','fouadagha','$2b$10$0oTj0h0lPOPKf.RJNqWSn.CkPGvBoheVREyS76yLWl4vW0wE5ATkW','fouad','agha','76350093',NULL,0,'5003229','2024-03-07 19:53:17',25.00,25.00),(229,'ramiflitty21@gmail.com','ramiflitty','$2b$10$RVB7sXc4sfV/gm1JsJJgtOwPxI5vu3yyRcQ9mkLXGRdGEVCUDCA7S','rami','flitty','03157324',NULL,0,'5004173','2024-03-07 19:54:19',25.00,25.00),(230,'hussshaeib8@gmail.com','husseinshaieb','$2b$10$RcgsKxc/P8j4E2crLER6TerXk.dFxhVy4GwrMdyBfzaJEtLC8sBgK','hussein','shaeib','76752976',NULL,0,'5004221','2024-03-07 19:55:59',15.00,15.00),(231,'kiimpsanb@gmail.com','kareemanbar','$2b$10$T9JrzjLyLrrfDQ.p7vZX4.V4Y0/pzI3/ls2YVMDNxm/lfw1k5KSoO','kareem','anbar','4917616895534',NULL,0,'5005096	','2024-03-07 19:57:11',25.00,25.00),(232,'hmokdad991@gmail.com','husseinalmokdad','$2b$10$cyo22.GAhktbz5v5To5eJOQyJC/qIWKsMkWb3TeVXDCESQ6o.fMYa','hussein','almokdad','78847218',NULL,0,'5004337','2024-03-07 19:58:19',25.00,25.00),(233,'adham_doma@icloud.com','adhamalmasri','$2b$10$.jOn6VSjOS5a8M/FTu/QX.GIqhroFoLU9Ev00GvDTlzTqYF2MjJ0u','adham','almasri','76837864',NULL,0,'5004352','2024-03-07 19:59:04',15.00,15.00),(234,'ckojak718@gmail.com','DooaHamad','$2b$10$HwQ1kimpkG8Tzk0wlPHISui7/ZqT7F8In0KJ4r5va1ZIY4gd1yRKS','Dooa','Hamad','71360761',NULL,0,'5004604','2024-03-07 20:00:32',15.00,15.00),(235,'fatemahammad5@gmail.com','fateemaalhammad','$2b$10$RZUj734uxGeotu1nn0fcP.Kpy76NbacaxSLOAE8OW1ldSsgEjAHpG','fateema','alhammad','81890670',NULL,0,'525279, 5004599	','2024-03-07 20:02:53',15.00,15.00),(236,'salamzawawi@gmail.com','salamzawawi','$2b$10$tvNpuUK11EIqMSSQAsJmVe30QkhBmFvf3R.gOq93gDPqM4.0ydUxO','salam','zawawi','393290934363',NULL,0,'5004661','2024-03-07 20:03:47',25.00,25.00),(237,'antonyzadah@gmail.com','antonyzadah','$2b$10$Jtz/Bu6VJHxP3rU.e.aSsuwzeY9FgoFFEEktjGVkBXVK5XC21nIhW','antony','zadah','79139620',NULL,0,'5005396','2024-03-07 20:05:10',25.00,25.00),(238,'protradesolutionlb@gmail.com','faresahmad','$2b$10$.wOA57oSvM8DH1dH2BXA/.V6Z/MbcDAuur49dV0HT6pYEIM8YvU.y','fares','ahmad','70666627',NULL,0,'5004795','2024-03-07 20:05:55',0.00,0.00),(239,'battalbashar9@gmail.com','basharbattal','$2b$10$Bg.azhUdyM8YFlSbc5nZUeZJKvdK0dp93TsMVCFo9SrgO9i5kz3tS','bashar','battal','4915756500805',NULL,0,'5004261	','2024-03-07 20:06:47',25.00,25.00),(240,'hamad6khedr2004@gmail.com','khedrhamad','$2b$10$2BuQuO0MmGmMgrKnENHT/ObENCnffrGTyqWWI8Jzhdlk/n4eUbhce','khedr','hamad','4915213017230',NULL,0,'5005529','2024-03-07 20:11:33',15.00,15.00),(241,'saadhamdii@icloud.com','saadeddinhameda','$2b$10$NBXs3EWzIq3krRDEgViW3etYejT1GE1wJwTJaoSt6GZiNdUpeRH3i','saadeddin','hameda','905434103000',NULL,0,'5005188','2024-03-07 20:16:54',20.00,20.00),(243,'husseinshraim95@gmail.com','husseinshraim','$2b$10$JYUBGdrpmTsOZisQ7arjOef0kl.UkxBgPvXTRaOLeMGbIa.GzHJDK','hussein','shraim','76814666',NULL,0,'5002993	','2024-03-07 23:41:17',25.00,25.00),(244,'rihabhijazi5@gmail.com','rihabhijazi','$2b$10$uwO4hORFT2SMsX8u2NYQlOpL6MCKALuDTfia3BTccy25/Qm8tsTWm','rihab','hijazi','76099256',NULL,0,'5003542','2024-03-07 23:42:41',25.00,25.00),(245,'kingthe37@gmail.com','amerammar','$2b$10$vVl22fraYmbSVDxs3nk3iu4VcNR4GCGMau2bZwRsLhfHkKrmjlmRG','amer','ammar','97459954074',NULL,0,'5003120','2024-03-07 23:43:28',25.00,25.00),(246,'lion_king9999@hotmail.com','rabeejalloul','$2b$10$EmwHNdJQEIs2ncu1Fpm6UOJQjyZb0tJ6BwhtGRgGN3axzwb/wMD/G','rabee','jalloul','81257762',NULL,0,'5004035	','2024-03-07 23:44:30',25.00,25.00),(247,'mistrahabbas68@gmail.com','abbasmistrah','$2b$10$vKq9G6gjbLfSMeTCmPBTe.23on8ED9hGPGgHCSoYhiu4jul42Eq12','abbas','mistrah','71295412',NULL,0,'5005465','2024-03-07 23:45:34',25.00,25.00),(248,'mohamad_eldor2022@outlook.com','mohamadeldor','$2b$10$JVSDCmA46nSf4kg9aEcRzO.NEbKmHvq86fMZUK04Zink7Yd1FSGt.','mohamad','eldor','76991037',NULL,0,'5003035','2024-03-07 23:46:24',25.00,25.00),(249,'jawaadhassan828@gmail.com','hassanjawad','$2b$10$qEQklZeN.UUTyco730VCg.5TWTMt6thxjtHkPPzKgOwnYSbG8YL1S','hassan','jawad','03081644',NULL,0,'5004946','2024-03-07 23:47:33',25.00,25.00),(250,'abbas.diab.cobra@gmail.com','abbasdiab','$2b$10$UZZ2t4ypsRNnfxGFyYiC8OS2moQWQed1TSOsZ0mmRzhzuYLyOXew6','abbas','diab','22870637781',NULL,0,'5003598','2024-03-07 23:48:19',25.00,25.00),(251,'choughari.93@gmail.com','husseinchoughari','$2b$10$Za5d/4H8DG5MGSOHPYrj/OkDBfZIMMHt65hK.8e5PaGS3pNOQRRYq','hussein','choughari','71484250',NULL,0,'5005127','2024-03-07 23:49:13',25.00,25.00),(252,'mohammedrizkrizk@gmail.com','mohammedrizk','$2b$10$ZhHOw3DwmIfBVhUwbFYGQebY1VnYl8qRBXmbmb9J2Sb8uo4jKi4m6','mohammed','rizk','2250101466946',NULL,0,'5003523','2024-03-07 23:50:04',25.00,25.00),(253,'omranas1999@gmail.com','omranaskar','$2b$10$1i2L8x/5wno8iYF9UpBxqOX7n28HOF2FlkzkYdni3Zg23hhEaB2Iu','omran','askar','71422065',NULL,0,'5004259','2024-03-07 23:50:56',25.00,25.00),(254,'h.thalji9@gmail.com','haneenthalji','$2b$10$Y0PSFGakLRt9vy9giPkO/eWRY/sLydXDY/Vr6xwpaeZK3MSchN1SS','haneen','thalji','966568591457',NULL,0,'5004413	','2024-03-07 23:51:52',25.00,25.00),(255,'sanopi3430@gmail.com','mohamadmazeh','$2b$10$p2ysV79cSkPo993Dx/KrKOLdZqCgNPEScTI28dQddy/Lxz/2k88zi','mohamad','mazeh','24160141463',NULL,0,'5003218	','2024-03-07 23:54:08',25.00,25.00),(256,'mahmoudmazeh585@gmail.com','mahmoudmazeh','$2b$10$wtGkwdrPtFI/xYF43NvB/eP.C1axIjuh58Q07GKZqbETuo9MPzZQe','mahmoud','mazeh','22893199471',NULL,0,'526899, 5005251	','2024-03-07 23:55:21',25.00,25.00),(257,'karimfleifel81@gmail.com','KarimFleifel','$2b$10$by.IlkEYpK0ub1GfR3Fe1eoIeehLaVcNnvclXo0NwD/NeMQHQWBGa',' Karim','Fleifel','71134726',NULL,0,'5004236','2024-03-11 02:48:13',25.00,25.00),(258,'farahalzein009@gmail.com','FarahAlzein','$2b$10$qZJIw2YYuBzzRcOWpLzPX.nzV12u8JvREWb9A/m/R6UHhGmwKPPfS',' Farah ','Alzein','76428961',NULL,0,'5005585','2024-03-11 02:53:02',15.00,15.00),(259,'mazencharara11@gmail.com','MazenCharara','$2b$10$NbUQMWyAA1VoP/sK6sQlYOzhGtQz/44JFjBoxoAygRaTcAmmgt/3K',' Mazen ','Charara','70875247',NULL,0,'5005579','2024-03-11 02:53:56',15.00,15.00),(260,'yaacoubkataya87@gmail.com','YaacoubKataya','$2b$10$Pc9W0uZR26hHN5A7vW950.shQuj9SUYeE3PjuDpOG5/JA9dvWZEf.','Yaacoub ','Kataya','03287932',NULL,0,'5005473','2024-03-11 02:57:46',25.00,25.00),(261,'ali.salame31@hotmail.com','AliSalameh','$2b$10$Xkw9.qUnlyubu3/oCIa/8uWyUeTxRO16v7ZisY7oVjKiyNeOhfVxa',' Ali ','Salameh','76644693',NULL,0,'5005659','2024-03-11 10:20:50',25.00,25.00),(262,'zahraa_jaw@hotmail.com','Zahraajawhari','$2b$10$bydiXkhEyaVDnoGCmLqYDObqHGlKe5/CbNKJoB3xQeEgCjBqh3P16','Zahraa','Jawhari','81798373',NULL,0,'5003536','2024-03-12 21:14:35',25.00,15.00),(263,'alidaher20002018@gmail.com','AliDaher','$2b$10$aiNPBv87qhzQIlWGXcfw0egVRDFmacNzKrkB5mKTfmSCmOMkyCGFe',' Ali ','Daher','97466434394',NULL,0,'5005608','2024-03-13 21:11:27',25.00,25.00),(264,'zeinab_baalbaki@outlook.com','ZeinabAlbaalbaki','$2b$10$vEg1l0Q1aYGgqUHheuJ5HerGhJefcM3EjGkrUKF9NL0qY/X.lgxbW',' Zeinab ','Albaalbaki','71052595',NULL,0,'5003156','2024-03-15 22:41:35',25.00,25.00),(265,'mariam_ammar99@hotmail.com','MariamAmmar','$2b$10$3.vjDJymCh9I92u6WkR0.OOa3ZMy4GJ/Dv9vF6ONEz.kH12pQ2BpC','Mariam','Ammar','81758214',NULL,0,'5005609','2024-03-15 22:50:08',25.00,25.00),(266,'aloaaaboughnaim@gmail.com','AlaaAbouGhnaim','$2b$10$cQgHq1TIpel4rx6Tg87byut46xxSmY95ThGj6HJxpXEB/tolAGFBe','Alaa','Abou Ghnaim','76464583',NULL,0,'5005629','2024-03-15 22:54:27',25.00,25.00),(267,'hamsazead@icloud.com','HamsaZyad','$2b$10$4davNmTLkXalKqrBoJaSQecETWDwUdZzEZ0qWshDFd547FEg.C6Ka','Hamsa','Zyad','970598712822',NULL,0,'5005493','2024-03-15 22:56:17',25.00,25.00),(268,'fadelyassine299@gmail.com','FadelYassine','$2b$10$jjpxeYz2BUw2BaON48y.zeXT8smHIWGxDpupj90dYbdej1/3fLv0.','Fadel','Yassine','70183050',NULL,0,'5005296','2024-03-15 22:58:26',25.00,25.00),(269,'ibrahimchahine99@gmail.com','IbrahimChahine','$2b$10$eVHqdFOc/450cxvuYgcjUObgGX8tzjYcZOn8Zfs4/GLX9BvBOMWIa',' Ibrahim ','Chahine','81307360',NULL,0,'5005255','2024-03-15 22:59:53',25.00,25.00),(270,'salman.ahmad1990@hotmail.com','AhmadSalman','$2b$10$oD5P/X0whnMIrBHa1sfc8eKHWkc9S9AhLBSGcF06b6eM7SJLnfsN6','Ahmad','Salman','0096170028591',NULL,0,'5005953','2024-03-19 23:32:47',25.00,25.00),(271,'mostafaaliwe51@gmail.com','mostafaaliwe','$2b$10$8023ZstwjDT.Q7ot9UXEGezAaw/QnVeWK/3ssTN3KTRBgPKaIXlFG','mostafa','aliwe','0096181966117',NULL,0,'5005916','2024-03-19 23:35:13',25.00,25.00),(272,'Mhamadabdohoujairi@gmail.com','Mhmdhoujairi','$2b$10$DgapLE.NMvORnbspEKPLr.xFML7KgdkNX7X9Uzos27Pxi4UlMq3VC','Mohamad','Houjairi','81535277',NULL,0,'5005981','2024-03-20 12:46:26',25.00,25.00),(273,'mohammedmassri@hotmail.com','Mohamadalmasri','$2b$10$2U6AKFgjzv6YJoodW/R0Ou1f8RMipeetszO9GvJr.Idkd3r0ag8NC','Mohamad','Al masri','9613123063',NULL,0,'5005988','2024-03-20 19:43:36',15.00,15.00),(274,'amalmahdi986@gmail.com','Najah','$2b$10$bLsQPKkdrJUnZgmck3.Oe.6UjT/xkFYNvESkkLiy4b0Rff5YMhXIW','Najah','Al ahmad','70296607',NULL,0,'5006002','2024-03-21 19:22:40',15.00,15.00),(275,'mdoaa1050@gmail.com','Antasar','$2b$10$.SLuKmKOjNv0CZMVidrlIeFs4oIPuNhwmO.xQEkuBSEZIlt57DAWu','Antasar','Freijeh','76510699',NULL,0,'5006039','2024-03-21 19:32:42',15.00,15.00),(276,'ozilkarar99@gmail.com','KarrarAkil','$2b$10$5KgrE7J1C69t8iaeBhrnJuevkZX4tZpZc29Yg8akL2lNrHRaDMWWi','Karrar','Akil','009647826489016',NULL,0,'5005999','2024-03-24 21:10:08',25.00,25.00),(278,'hamoudal1970@gmail.con','Nisrinebarada','$2b$10$6vD8luVAHO6Q7yhz17YrHezFLR924MIYK3grRPABKDBRUsnPcLYLe','Nisrine','Barada','78912721',NULL,0,'5006152','2024-03-26 18:07:29',25.00,25.00),(279,'Nouraboud595@gmail.com','Alirmaity','$2b$10$1pDhXmaIbRW5jLA13CWAfuKvG4EQCvLMXvTjFyvheZtunZ6UivT6O','Ali ','Rmayti','0096181610041',NULL,0,'5006117','2024-03-26 22:23:31',25.00,15.00),(280,'delbanifarah67@gmail.com','Farahdelbani','$2b$10$yKLz75mNGvJgIJLrW4W3OenDWZOVGFiS3R460QKXk9llXmmbV298S','Farah','Delbani','0096170378080',NULL,0,'5005942','2024-03-26 22:26:09',25.00,25.00),(281,'slaimankabalan@gmail.com','Sleimankabalan','$2b$10$V9MYZJZmzS71rTfKqCF4O.gn38aG71zHF48h7OwAsPSxLyrO3QGxK','Sleiman','Kabalan','0096170972053',NULL,0,'5006114','2024-03-28 19:33:32',25.00,15.00),(282,'bilal_abou_mahmoud@hotmail.com','menesaAbouMahmoud','$2b$10$lAqf2FToSJ8F.h1zeSDLV.yd7ldSz84xnxJgsc8dALPu538VqZkeW','menesa','Abou Mahmoud','03746882',NULL,0,'5006096','2024-03-29 16:31:06',25.00,25.00);
/*!40000 ALTER TABLE `users` ENABLE KEYS */;
UNLOCK TABLES;
/*!40103 SET TIME_ZONE=@OLD_TIME_ZONE */;

/*!40101 SET SQL_MODE=@OLD_SQL_MODE */;
/*!40014 SET FOREIGN_KEY_CHECKS=@OLD_FOREIGN_KEY_CHECKS */;
/*!40014 SET UNIQUE_CHECKS=@OLD_UNIQUE_CHECKS */;
/*!40101 SET CHARACTER_SET_CLIENT=@OLD_CHARACTER_SET_CLIENT */;
/*!40101 SET CHARACTER_SET_RESULTS=@OLD_CHARACTER_SET_RESULTS */;
/*!40101 SET COLLATION_CONNECTION=@OLD_COLLATION_CONNECTION */;
/*!40111 SET SQL_NOTES=@OLD_SQL_NOTES */;

-- Dump completed on 2024-03-29 19:41:58
